[{
	"advertisementGuid": "0b41274e-e3d0-492d-9ffe-fe8c4985dac8",
	"partnerGuid": "c0963a72-4081-4078-874a-076c0f8cc4d3",
	"partnerCompanyName": "Harvey, Schuster and Cormier",
	"contactFirstName": "Clyde",
	"contactLastName": "Ratke",
	"jobName": "Shanahan, Kihn and McDermott",
	"notes": "Hello, I would like to have this Job.",
	"startDate": "2019-04-13T11:41:39",
	"endDate": "2019-07-08T11:41:39",
	"locationAddress1": "0869 Lenore Roads",
	"locationAddress2": "",
	"locationCity": "San Jose",
	"locationState": "CA",
	"locationCountry": "USA",
	"locationZip": "95126",
	"expirationDate": null,
	"proximityInMiles": null,
	"latitude": 37.34342,
	"longitude": -121.92966,
	"requiredServices": [{
		"productGuid": "70193caf-b10c-4980-9a35-5db79de142e8",
		"productName": "Audio transcription"
	}, {
		"productGuid": "d349a812-50ea-4d19-ba0a-e147287e2097",
		"productName": "Cart"
	}],
	"optionalServices": [{
		"productGuid": "6f54255b-75e5-4925-938a-2eb175c04c05",
		"productName": "Contract negotiation"
	}, {
		"productGuid": "df9c7a91-26b0-49a6-a275-57037abfd0b4",
		"productName": "Delivery"
	}],
	"status": 1,
	"applications": null,
	"createdDate": "2019-04-15T11:41:39",
	"createdBy": "",
	"modifiedBy": ""
}, {
	"advertisementGuid": "5e9d9d84-e114-4809-abd5-12d796934cae",
	"partnerGuid": "c0963a72-4081-4078-874a-076c0f8cc4d3",
	"partnerCompanyName": "Harvey, Schuster and Cormier",
	"contactFirstName": "Clyde",
	"contactLastName": "Ratke",
	"jobName": "Yundt, Stroman and Gleichner",
	"notes": "Hello, I would like to have this Job.",
	"startDate": "2019-02-13T11:41:39",
	"endDate": "2019-05-09T11:41:39",
	"locationAddress1": "0325 Cole Hollow",
	"locationAddress2": "",
	"locationCity": "San Jose",
	"locationState": "CA",
	"locationCountry": "USA",
	"locationZip": "95126-2325",
	"expirationDate": null,
	"proximityInMiles": null,
	"latitude": 37.3352916,
	"longitude": -121.9154062,
	"requiredServices": [],
	"optionalServices": [],
	"status": 1,
	"applications": null,
	"createdDate": "2019-04-15T11:41:39",
	"createdBy": "",
	"modifiedBy": ""
}, {
	"advertisementGuid": "4cdccd51-f2b3-499b-aaf2-b1f687521b5c",
	"partnerGuid": "c0963a72-4081-4078-874a-076c0f8cc4d3",
	"partnerCompanyName": "Harvey, Schuster and Cormier",
	"contactFirstName": "Clyde",
	"contactLastName": "Ratke",
	"jobName": "Borer - Kulas",
	"notes": "Hello, I would like to have this Job.",
	"startDate": "2019-03-02T11:41:39",
	"endDate": "2019-06-02T11:41:39",
	"locationAddress1": "769 Domingo Path",
	"locationAddress2": "",
	"locationCity": "Sunnyvale",
	"locationState": "CA",
	"locationCountry": "USA",
	"locationZip": "94087",
	"expirationDate": null,
	"proximityInMiles": null,
	"latitude": 37.345046,
	"longitude": -122.052126,
	"requiredServices": [],
	"optionalServices": [],
	"status": 1,
	"applications": null,
	"createdDate": "2019-04-15T11:41:39",
	"createdBy": "",
	"modifiedBy": ""
}, {
	"advertisementGuid": "cfcec472-0043-4786-a297-c9a4ebfeae61",
	"partnerGuid": "c0963a72-4081-4078-874a-076c0f8cc4d3",
	"partnerCompanyName": "Harvey, Schuster and Cormier",
	"contactFirstName": "Clyde",
	"contactLastName": "Ratke",
	"jobName": "New Ad",
	"notes": "",
	"startDate": "2019-04-15T00:00:00",
	"endDate": "2019-04-30T00:00:00",
	"locationAddress1": "1923, A",
	"locationAddress2": "",
	"locationCity": "S",
	"locationState": "v",
	"locationCountry": "C",
	"locationZip": "95035",
	"expirationDate": "2019-04-30T00:00:00",
	"proximityInMiles": null,
	"latitude": 37.4352,
	"longitude": -121.895,
	"requiredServices": [{
		"productGuid": "6faf3e50-0732-4066-9fd4-12fe24c02788",
		"productName": "Transcription"
	}],
	"optionalServices": [],
	"status": 2,
	"applications": null,
	"createdDate": "2019-04-15T04:43:29.2688129",
	"createdBy": "",
	"modifiedBy": ""
},
{
	"advertisementGuid": "0b41274e-e3d0-492d-9ffe-fe8c4985dac8",
	"partnerGuid": "c0963a72-4081-4078-874a-076c0f8cc4d3",
	"partnerCompanyName": "Harvey, Schuster and Cormier",
	"contactFirstName": "Clyde",
	"contactLastName": "Ratke",
	"jobName": "Shanahan, Kihn and McDermott",
	"notes": "Hello, I would like to have this Job.",
	"startDate": "2019-04-13T11:41:39",
	"endDate": "2019-07-08T11:41:39",
	"locationAddress1": "0869 Lenore Roads",
	"locationAddress2": "",
	"locationCity": "San Jose",
	"locationState": "CA",
	"locationCountry": "USA",
	"locationZip": "95126",
	"expirationDate": null,
	"proximityInMiles": null,
	"latitude": 37.34342,
	"longitude": -121.92966,
	"requiredServices": [{
		"productGuid": "70193caf-b10c-4980-9a35-5db79de142e8",
		"productName": "Audio transcription"
	}, {
		"productGuid": "d349a812-50ea-4d19-ba0a-e147287e2097",
		"productName": "Cart"
	}],
	"optionalServices": [{
		"productGuid": "6f54255b-75e5-4925-938a-2eb175c04c05",
		"productName": "Contract negotiation"
	}, {
		"productGuid": "df9c7a91-26b0-49a6-a275-57037abfd0b4",
		"productName": "Delivery"
	}],
	"status": 1,
	"applications": null,
	"createdDate": "2019-04-15T11:41:39",
	"createdBy": "",
	"modifiedBy": ""
}, {
	"advertisementGuid": "5e9d9d84-e114-4809-abd5-12d796934cae",
	"partnerGuid": "c0963a72-4081-4078-874a-076c0f8cc4d3",
	"partnerCompanyName": "Harvey, Schuster and Cormier",
	"contactFirstName": "Clyde",
	"contactLastName": "Ratke",
	"jobName": "Yundt, Stroman and Gleichner",
	"notes": "Hello, I would like to have this Job.",
	"startDate": "2019-02-13T11:41:39",
	"endDate": "2019-05-09T11:41:39",
	"locationAddress1": "0325 Cole Hollow",
	"locationAddress2": "",
	"locationCity": "San Jose",
	"locationState": "CA",
	"locationCountry": "USA",
	"locationZip": "95126-2325",
	"expirationDate": null,
	"proximityInMiles": null,
	"latitude": 37.3352916,
	"longitude": -121.9154062,
	"requiredServices": [],
	"optionalServices": [],
	"status": 1,
	"applications": null,
	"createdDate": "2019-04-15T11:41:39",
	"createdBy": "",
	"modifiedBy": ""
}, {
	"advertisementGuid": "4cdccd51-f2b3-499b-aaf2-b1f687521b5c",
	"partnerGuid": "c0963a72-4081-4078-874a-076c0f8cc4d3",
	"partnerCompanyName": "Harvey, Schuster and Cormier",
	"contactFirstName": "Clyde",
	"contactLastName": "Ratke",
	"jobName": "Borer - Kulas",
	"notes": "Hello, I would like to have this Job.",
	"startDate": "2019-03-02T11:41:39",
	"endDate": "2019-06-02T11:41:39",
	"locationAddress1": "769 Domingo Path",
	"locationAddress2": "",
	"locationCity": "Sunnyvale",
	"locationState": "CA",
	"locationCountry": "USA",
	"locationZip": "94087",
	"expirationDate": null,
	"proximityInMiles": null,
	"latitude": 37.345046,
	"longitude": -122.052126,
	"requiredServices": [],
	"optionalServices": [],
	"status": 1,
	"applications": null,
	"createdDate": "2019-04-15T11:41:39",
	"createdBy": "",
	"modifiedBy": ""
}, {
	"advertisementGuid": "cfcec472-0043-4786-a297-c9a4ebfeae61",
	"partnerGuid": "c0963a72-4081-4078-874a-076c0f8cc4d3",
	"partnerCompanyName": "Harvey, Schuster and Cormier",
	"contactFirstName": "Clyde",
	"contactLastName": "Ratke",
	"jobName": "New Ad",
	"notes": "",
	"startDate": "2019-04-15T00:00:00",
	"endDate": "2019-04-30T00:00:00",
	"locationAddress1": "1923, A",
	"locationAddress2": "",
	"locationCity": "S",
	"locationState": "v",
	"locationCountry": "C",
	"locationZip": "95035",
	"expirationDate": "2019-04-30T00:00:00",
	"proximityInMiles": null,
	"latitude": 37.4352,
	"longitude": -121.895,
	"requiredServices": [{
		"productGuid": "6faf3e50-0732-4066-9fd4-12fe24c02788",
		"productName": "Transcription"
	}],
	"optionalServices": [],
	"status": 2,
	"applications": null,
	"createdDate": "2019-04-15T04:43:29.2688129",
	"createdBy": "",
	"modifiedBy": ""
},
{
	"advertisementGuid": "0b41274e-e3d0-492d-9ffe-fe8c4985dac8",
	"partnerGuid": "c0963a72-4081-4078-874a-076c0f8cc4d3",
	"partnerCompanyName": "Harvey, Schuster and Cormier",
	"contactFirstName": "Clyde",
	"contactLastName": "Ratke",
	"jobName": "Shanahan, Kihn and McDermott",
	"notes": "Hello, I would like to have this Job.",
	"startDate": "2019-04-13T11:41:39",
	"endDate": "2019-07-08T11:41:39",
	"locationAddress1": "0869 Lenore Roads",
	"locationAddress2": "",
	"locationCity": "San Jose",
	"locationState": "CA",
	"locationCountry": "USA",
	"locationZip": "95126",
	"expirationDate": null,
	"proximityInMiles": null,
	"latitude": 37.34342,
	"longitude": -121.92966,
	"requiredServices": [{
		"productGuid": "70193caf-b10c-4980-9a35-5db79de142e8",
		"productName": "Audio transcription"
	}, {
		"productGuid": "d349a812-50ea-4d19-ba0a-e147287e2097",
		"productName": "Cart"
	}],
	"optionalServices": [{
		"productGuid": "6f54255b-75e5-4925-938a-2eb175c04c05",
		"productName": "Contract negotiation"
	}, {
		"productGuid": "df9c7a91-26b0-49a6-a275-57037abfd0b4",
		"productName": "Delivery"
	}],
	"status": 1,
	"applications": null,
	"createdDate": "2019-04-15T11:41:39",
	"createdBy": "",
	"modifiedBy": ""
}, {
	"advertisementGuid": "5e9d9d84-e114-4809-abd5-12d796934cae",
	"partnerGuid": "c0963a72-4081-4078-874a-076c0f8cc4d3",
	"partnerCompanyName": "Harvey, Schuster and Cormier",
	"contactFirstName": "Clyde",
	"contactLastName": "Ratke",
	"jobName": "Yundt, Stroman and Gleichner",
	"notes": "Hello, I would like to have this Job.",
	"startDate": "2019-02-13T11:41:39",
	"endDate": "2019-05-09T11:41:39",
	"locationAddress1": "0325 Cole Hollow",
	"locationAddress2": "",
	"locationCity": "San Jose",
	"locationState": "CA",
	"locationCountry": "USA",
	"locationZip": "95126-2325",
	"expirationDate": null,
	"proximityInMiles": null,
	"latitude": 37.3352916,
	"longitude": -121.9154062,
	"requiredServices": [],
	"optionalServices": [],
	"status": 1,
	"applications": null,
	"createdDate": "2019-04-15T11:41:39",
	"createdBy": "",
	"modifiedBy": ""
}, {
	"advertisementGuid": "4cdccd51-f2b3-499b-aaf2-b1f687521b5c",
	"partnerGuid": "c0963a72-4081-4078-874a-076c0f8cc4d3",
	"partnerCompanyName": "Harvey, Schuster and Cormier",
	"contactFirstName": "Clyde",
	"contactLastName": "Ratke",
	"jobName": "Borer - Kulas",
	"notes": "Hello, I would like to have this Job.",
	"startDate": "2019-03-02T11:41:39",
	"endDate": "2019-06-02T11:41:39",
	"locationAddress1": "769 Domingo Path",
	"locationAddress2": "",
	"locationCity": "Sunnyvale",
	"locationState": "CA",
	"locationCountry": "USA",
	"locationZip": "94087",
	"expirationDate": null,
	"proximityInMiles": null,
	"latitude": 37.345046,
	"longitude": -122.052126,
	"requiredServices": [],
	"optionalServices": [],
	"status": 1,
	"applications": null,
	"createdDate": "2019-04-15T11:41:39",
	"createdBy": "",
	"modifiedBy": ""
}, {
	"advertisementGuid": "cfcec472-0043-4786-a297-c9a4ebfeae61",
	"partnerGuid": "c0963a72-4081-4078-874a-076c0f8cc4d3",
	"partnerCompanyName": "Harvey, Schuster and Cormier",
	"contactFirstName": "Clyde",
	"contactLastName": "Ratke",
	"jobName": "New Ad",
	"notes": "",
	"startDate": "2019-04-15T00:00:00",
	"endDate": "2019-04-30T00:00:00",
	"locationAddress1": "1923, A",
	"locationAddress2": "",
	"locationCity": "S",
	"locationState": "v",
	"locationCountry": "C",
	"locationZip": "95035",
	"expirationDate": "2019-04-30T00:00:00",
	"proximityInMiles": null,
	"latitude": 37.4352,
	"longitude": -121.895,
	"requiredServices": [{
		"productGuid": "6faf3e50-0732-4066-9fd4-12fe24c02788",
		"productName": "Transcription"
	}],
	"optionalServices": [],
	"status": 2,
	"applications": null,
	"createdDate": "2019-04-15T04:43:29.2688129",
	"createdBy": "",
	"modifiedBy": ""
},
{
	"advertisementGuid": "0b41274e-e3d0-492d-9ffe-fe8c4985dac8",
	"partnerGuid": "c0963a72-4081-4078-874a-076c0f8cc4d3",
	"partnerCompanyName": "Harvey, Schuster and Cormier",
	"contactFirstName": "Clyde",
	"contactLastName": "Ratke",
	"jobName": "Shanahan, Kihn and McDermott",
	"notes": "Hello, I would like to have this Job.",
	"startDate": "2019-04-13T11:41:39",
	"endDate": "2019-07-08T11:41:39",
	"locationAddress1": "0869 Lenore Roads",
	"locationAddress2": "",
	"locationCity": "San Jose",
	"locationState": "CA",
	"locationCountry": "USA",
	"locationZip": "95126",
	"expirationDate": null,
	"proximityInMiles": null,
	"latitude": 37.34342,
	"longitude": -121.92966,
	"requiredServices": [{
		"productGuid": "70193caf-b10c-4980-9a35-5db79de142e8",
		"productName": "Audio transcription"
	}, {
		"productGuid": "d349a812-50ea-4d19-ba0a-e147287e2097",
		"productName": "Cart"
	}],
	"optionalServices": [{
		"productGuid": "6f54255b-75e5-4925-938a-2eb175c04c05",
		"productName": "Contract negotiation"
	}, {
		"productGuid": "df9c7a91-26b0-49a6-a275-57037abfd0b4",
		"productName": "Delivery"
	}],
	"status": 1,
	"applications": null,
	"createdDate": "2019-04-15T11:41:39",
	"createdBy": "",
	"modifiedBy": ""
}, {
	"advertisementGuid": "5e9d9d84-e114-4809-abd5-12d796934cae",
	"partnerGuid": "c0963a72-4081-4078-874a-076c0f8cc4d3",
	"partnerCompanyName": "Harvey, Schuster and Cormier",
	"contactFirstName": "Clyde",
	"contactLastName": "Ratke",
	"jobName": "Yundt, Stroman and Gleichner",
	"notes": "Hello, I would like to have this Job.",
	"startDate": "2019-02-13T11:41:39",
	"endDate": "2019-05-09T11:41:39",
	"locationAddress1": "0325 Cole Hollow",
	"locationAddress2": "",
	"locationCity": "San Jose",
	"locationState": "CA",
	"locationCountry": "USA",
	"locationZip": "95126-2325",
	"expirationDate": null,
	"proximityInMiles": null,
	"latitude": 37.3352916,
	"longitude": -121.9154062,
	"requiredServices": [],
	"optionalServices": [],
	"status": 1,
	"applications": null,
	"createdDate": "2019-04-15T11:41:39",
	"createdBy": "",
	"modifiedBy": ""
}, {
	"advertisementGuid": "4cdccd51-f2b3-499b-aaf2-b1f687521b5c",
	"partnerGuid": "c0963a72-4081-4078-874a-076c0f8cc4d3",
	"partnerCompanyName": "Harvey, Schuster and Cormier",
	"contactFirstName": "Clyde",
	"contactLastName": "Ratke",
	"jobName": "Borer - Kulas",
	"notes": "Hello, I would like to have this Job.",
	"startDate": "2019-03-02T11:41:39",
	"endDate": "2019-06-02T11:41:39",
	"locationAddress1": "769 Domingo Path",
	"locationAddress2": "",
	"locationCity": "Sunnyvale",
	"locationState": "CA",
	"locationCountry": "USA",
	"locationZip": "94087",
	"expirationDate": null,
	"proximityInMiles": null,
	"latitude": 37.345046,
	"longitude": -122.052126,
	"requiredServices": [],
	"optionalServices": [],
	"status": 1,
	"applications": null,
	"createdDate": "2019-04-15T11:41:39",
	"createdBy": "",
	"modifiedBy": ""
}, {
	"advertisementGuid": "cfcec472-0043-4786-a297-c9a4ebfeae61",
	"partnerGuid": "c0963a72-4081-4078-874a-076c0f8cc4d3",
	"partnerCompanyName": "Harvey, Schuster and Cormier",
	"contactFirstName": "Clyde",
	"contactLastName": "Ratke",
	"jobName": "New Ad",
	"notes": "",
	"startDate": "2019-04-15T00:00:00",
	"endDate": "2019-04-30T00:00:00",
	"locationAddress1": "1923, A",
	"locationAddress2": "",
	"locationCity": "S",
	"locationState": "v",
	"locationCountry": "C",
	"locationZip": "95035",
	"expirationDate": "2019-04-30T00:00:00",
	"proximityInMiles": null,
	"latitude": 37.4352,
	"longitude": -121.895,
	"requiredServices": [{
		"productGuid": "6faf3e50-0732-4066-9fd4-12fe24c02788",
		"productName": "Transcription"
	}],
	"optionalServices": [],
	"status": 2,
	"applications": null,
	"createdDate": "2019-04-15T04:43:29.2688129",
	"createdBy": "",
	"modifiedBy": ""
},{
	"advertisementGuid": "0b41274e-e3d0-492d-9ffe-fe8c4985dac8",
	"partnerGuid": "c0963a72-4081-4078-874a-076c0f8cc4d3",
	"partnerCompanyName": "Harvey, Schuster and Cormier",
	"contactFirstName": "Clyde",
	"contactLastName": "Ratke",
	"jobName": "Shanahan, Kihn and McDermott",
	"notes": "Hello, I would like to have this Job.",
	"startDate": "2019-04-13T11:41:39",
	"endDate": "2019-07-08T11:41:39",
	"locationAddress1": "0869 Lenore Roads",
	"locationAddress2": "",
	"locationCity": "San Jose",
	"locationState": "CA",
	"locationCountry": "USA",
	"locationZip": "95126",
	"expirationDate": null,
	"proximityInMiles": null,
	"latitude": 37.34342,
	"longitude": -121.92966,
	"requiredServices": [{
		"productGuid": "70193caf-b10c-4980-9a35-5db79de142e8",
		"productName": "Audio transcription"
	}, {
		"productGuid": "d349a812-50ea-4d19-ba0a-e147287e2097",
		"productName": "Cart"
	}],
	"optionalServices": [{
		"productGuid": "6f54255b-75e5-4925-938a-2eb175c04c05",
		"productName": "Contract negotiation"
	}, {
		"productGuid": "df9c7a91-26b0-49a6-a275-57037abfd0b4",
		"productName": "Delivery"
	}],
	"status": 1,
	"applications": null,
	"createdDate": "2019-04-15T11:41:39",
	"createdBy": "",
	"modifiedBy": ""
}, {
	"advertisementGuid": "5e9d9d84-e114-4809-abd5-12d796934cae",
	"partnerGuid": "c0963a72-4081-4078-874a-076c0f8cc4d3",
	"partnerCompanyName": "Harvey, Schuster and Cormier",
	"contactFirstName": "Clyde",
	"contactLastName": "Ratke",
	"jobName": "Yundt, Stroman and Gleichner",
	"notes": "Hello, I would like to have this Job.",
	"startDate": "2019-02-13T11:41:39",
	"endDate": "2019-05-09T11:41:39",
	"locationAddress1": "0325 Cole Hollow",
	"locationAddress2": "",
	"locationCity": "San Jose",
	"locationState": "CA",
	"locationCountry": "USA",
	"locationZip": "95126-2325",
	"expirationDate": null,
	"proximityInMiles": null,
	"latitude": 37.3352916,
	"longitude": -121.9154062,
	"requiredServices": [],
	"optionalServices": [],
	"status": 1,
	"applications": null,
	"createdDate": "2019-04-15T11:41:39",
	"createdBy": "",
	"modifiedBy": ""
}, {
	"advertisementGuid": "4cdccd51-f2b3-499b-aaf2-b1f687521b5c",
	"partnerGuid": "c0963a72-4081-4078-874a-076c0f8cc4d3",
	"partnerCompanyName": "Harvey, Schuster and Cormier",
	"contactFirstName": "Clyde",
	"contactLastName": "Ratke",
	"jobName": "Borer - Kulas",
	"notes": "Hello, I would like to have this Job.",
	"startDate": "2019-03-02T11:41:39",
	"endDate": "2019-06-02T11:41:39",
	"locationAddress1": "769 Domingo Path",
	"locationAddress2": "",
	"locationCity": "Sunnyvale",
	"locationState": "CA",
	"locationCountry": "USA",
	"locationZip": "94087",
	"expirationDate": null,
	"proximityInMiles": null,
	"latitude": 37.345046,
	"longitude": -122.052126,
	"requiredServices": [],
	"optionalServices": [],
	"status": 1,
	"applications": null,
	"createdDate": "2019-04-15T11:41:39",
	"createdBy": "",
	"modifiedBy": ""
}, {
	"advertisementGuid": "cfcec472-0043-4786-a297-c9a4ebfeae61",
	"partnerGuid": "c0963a72-4081-4078-874a-076c0f8cc4d3",
	"partnerCompanyName": "Harvey, Schuster and Cormier",
	"contactFirstName": "Clyde",
	"contactLastName": "Ratke",
	"jobName": "New Ad",
	"notes": "",
	"startDate": "2019-04-15T00:00:00",
	"endDate": "2019-04-30T00:00:00",
	"locationAddress1": "1923, A",
	"locationAddress2": "",
	"locationCity": "S",
	"locationState": "v",
	"locationCountry": "C",
	"locationZip": "95035",
	"expirationDate": "2019-04-30T00:00:00",
	"proximityInMiles": null,
	"latitude": 37.4352,
	"longitude": -121.895,
	"requiredServices": [{
		"productGuid": "6faf3e50-0732-4066-9fd4-12fe24c02788",
		"productName": "Transcription"
	}],
	"optionalServices": [],
	"status": 2,
	"applications": null,
	"createdDate": "2019-04-15T04:43:29.2688129",
	"createdBy": "",
	"modifiedBy": ""
},
{
	"advertisementGuid": "0b41274e-e3d0-492d-9ffe-fe8c4985dac8",
	"partnerGuid": "c0963a72-4081-4078-874a-076c0f8cc4d3",
	"partnerCompanyName": "Harvey, Schuster and Cormier",
	"contactFirstName": "Clyde",
	"contactLastName": "Ratke",
	"jobName": "Shanahan, Kihn and McDermott",
	"notes": "Hello, I would like to have this Job.",
	"startDate": "2019-04-13T11:41:39",
	"endDate": "2019-07-08T11:41:39",
	"locationAddress1": "0869 Lenore Roads",
	"locationAddress2": "",
	"locationCity": "San Jose",
	"locationState": "CA",
	"locationCountry": "USA",
	"locationZip": "95126",
	"expirationDate": null,
	"proximityInMiles": null,
	"latitude": 37.34342,
	"longitude": -121.92966,
	"requiredServices": [{
		"productGuid": "70193caf-b10c-4980-9a35-5db79de142e8",
		"productName": "Audio transcription"
	}, {
		"productGuid": "d349a812-50ea-4d19-ba0a-e147287e2097",
		"productName": "Cart"
	}],
	"optionalServices": [{
		"productGuid": "6f54255b-75e5-4925-938a-2eb175c04c05",
		"productName": "Contract negotiation"
	}, {
		"productGuid": "df9c7a91-26b0-49a6-a275-57037abfd0b4",
		"productName": "Delivery"
	}],
	"status": 1,
	"applications": null,
	"createdDate": "2019-04-15T11:41:39",
	"createdBy": "",
	"modifiedBy": ""
}, {
	"advertisementGuid": "5e9d9d84-e114-4809-abd5-12d796934cae",
	"partnerGuid": "c0963a72-4081-4078-874a-076c0f8cc4d3",
	"partnerCompanyName": "Harvey, Schuster and Cormier",
	"contactFirstName": "Clyde",
	"contactLastName": "Ratke",
	"jobName": "Yundt, Stroman and Gleichner",
	"notes": "Hello, I would like to have this Job.",
	"startDate": "2019-02-13T11:41:39",
	"endDate": "2019-05-09T11:41:39",
	"locationAddress1": "0325 Cole Hollow",
	"locationAddress2": "",
	"locationCity": "San Jose",
	"locationState": "CA",
	"locationCountry": "USA",
	"locationZip": "95126-2325",
	"expirationDate": null,
	"proximityInMiles": null,
	"latitude": 37.3352916,
	"longitude": -121.9154062,
	"requiredServices": [],
	"optionalServices": [],
	"status": 1,
	"applications": null,
	"createdDate": "2019-04-15T11:41:39",
	"createdBy": "",
	"modifiedBy": ""
}, {
	"advertisementGuid": "4cdccd51-f2b3-499b-aaf2-b1f687521b5c",
	"partnerGuid": "c0963a72-4081-4078-874a-076c0f8cc4d3",
	"partnerCompanyName": "Harvey, Schuster and Cormier",
	"contactFirstName": "Clyde",
	"contactLastName": "Ratke",
	"jobName": "Borer - Kulas",
	"notes": "Hello, I would like to have this Job.",
	"startDate": "2019-03-02T11:41:39",
	"endDate": "2019-06-02T11:41:39",
	"locationAddress1": "769 Domingo Path",
	"locationAddress2": "",
	"locationCity": "Sunnyvale",
	"locationState": "CA",
	"locationCountry": "USA",
	"locationZip": "94087",
	"expirationDate": null,
	"proximityInMiles": null,
	"latitude": 37.345046,
	"longitude": -122.052126,
	"requiredServices": [],
	"optionalServices": [],
	"status": 1,
	"applications": null,
	"createdDate": "2019-04-15T11:41:39",
	"createdBy": "",
	"modifiedBy": ""
}, {
	"advertisementGuid": "cfcec472-0043-4786-a297-c9a4ebfeae61",
	"partnerGuid": "c0963a72-4081-4078-874a-076c0f8cc4d3",
	"partnerCompanyName": "Harvey, Schuster and Cormier",
	"contactFirstName": "Clyde",
	"contactLastName": "Ratke",
	"jobName": "New Ad",
	"notes": "",
	"startDate": "2019-04-15T00:00:00",
	"endDate": "2019-04-30T00:00:00",
	"locationAddress1": "1923, A",
	"locationAddress2": "",
	"locationCity": "S",
	"locationState": "v",
	"locationCountry": "C",
	"locationZip": "95035",
	"expirationDate": "2019-04-30T00:00:00",
	"proximityInMiles": null,
	"latitude": 37.4352,
	"longitude": -121.895,
	"requiredServices": [{
		"productGuid": "6faf3e50-0732-4066-9fd4-12fe24c02788",
		"productName": "Transcription"
	}],
	"optionalServices": [],
	"status": 2,
	"applications": null,
	"createdDate": "2019-04-15T04:43:29.2688129",
	"createdBy": "",
	"modifiedBy": ""
},
{
	"advertisementGuid": "0b41274e-e3d0-492d-9ffe-fe8c4985dac8",
	"partnerGuid": "c0963a72-4081-4078-874a-076c0f8cc4d3",
	"partnerCompanyName": "Harvey, Schuster and Cormier",
	"contactFirstName": "Clyde",
	"contactLastName": "Ratke",
	"jobName": "Shanahan, Kihn and McDermott",
	"notes": "Hello, I would like to have this Job.",
	"startDate": "2019-04-13T11:41:39",
	"endDate": "2019-07-08T11:41:39",
	"locationAddress1": "0869 Lenore Roads",
	"locationAddress2": "",
	"locationCity": "San Jose",
	"locationState": "CA",
	"locationCountry": "USA",
	"locationZip": "95126",
	"expirationDate": null,
	"proximityInMiles": null,
	"latitude": 37.34342,
	"longitude": -121.92966,
	"requiredServices": [{
		"productGuid": "70193caf-b10c-4980-9a35-5db79de142e8",
		"productName": "Audio transcription"
	}, {
		"productGuid": "d349a812-50ea-4d19-ba0a-e147287e2097",
		"productName": "Cart"
	}],
	"optionalServices": [{
		"productGuid": "6f54255b-75e5-4925-938a-2eb175c04c05",
		"productName": "Contract negotiation"
	}, {
		"productGuid": "df9c7a91-26b0-49a6-a275-57037abfd0b4",
		"productName": "Delivery"
	}],
	"status": 1,
	"applications": null,
	"createdDate": "2019-04-15T11:41:39",
	"createdBy": "",
	"modifiedBy": ""
}, {
	"advertisementGuid": "5e9d9d84-e114-4809-abd5-12d796934cae",
	"partnerGuid": "c0963a72-4081-4078-874a-076c0f8cc4d3",
	"partnerCompanyName": "Harvey, Schuster and Cormier",
	"contactFirstName": "Clyde",
	"contactLastName": "Ratke",
	"jobName": "Yundt, Stroman and Gleichner",
	"notes": "Hello, I would like to have this Job.",
	"startDate": "2019-02-13T11:41:39",
	"endDate": "2019-05-09T11:41:39",
	"locationAddress1": "0325 Cole Hollow",
	"locationAddress2": "",
	"locationCity": "San Jose",
	"locationState": "CA",
	"locationCountry": "USA",
	"locationZip": "95126-2325",
	"expirationDate": null,
	"proximityInMiles": null,
	"latitude": 37.3352916,
	"longitude": -121.9154062,
	"requiredServices": [],
	"optionalServices": [],
	"status": 1,
	"applications": null,
	"createdDate": "2019-04-15T11:41:39",
	"createdBy": "",
	"modifiedBy": ""
}, {
	"advertisementGuid": "4cdccd51-f2b3-499b-aaf2-b1f687521b5c",
	"partnerGuid": "c0963a72-4081-4078-874a-076c0f8cc4d3",
	"partnerCompanyName": "Harvey, Schuster and Cormier",
	"contactFirstName": "Clyde",
	"contactLastName": "Ratke",
	"jobName": "Borer - Kulas",
	"notes": "Hello, I would like to have this Job.",
	"startDate": "2019-03-02T11:41:39",
	"endDate": "2019-06-02T11:41:39",
	"locationAddress1": "769 Domingo Path",
	"locationAddress2": "",
	"locationCity": "Sunnyvale",
	"locationState": "CA",
	"locationCountry": "USA",
	"locationZip": "94087",
	"expirationDate": null,
	"proximityInMiles": null,
	"latitude": 37.345046,
	"longitude": -122.052126,
	"requiredServices": [],
	"optionalServices": [],
	"status": 1,
	"applications": null,
	"createdDate": "2019-04-15T11:41:39",
	"createdBy": "",
	"modifiedBy": ""
}, {
	"advertisementGuid": "cfcec472-0043-4786-a297-c9a4ebfeae61",
	"partnerGuid": "c0963a72-4081-4078-874a-076c0f8cc4d3",
	"partnerCompanyName": "Harvey, Schuster and Cormier",
	"contactFirstName": "Clyde",
	"contactLastName": "Ratke",
	"jobName": "New Ad",
	"notes": "",
	"startDate": "2019-04-15T00:00:00",
	"endDate": "2019-04-30T00:00:00",
	"locationAddress1": "1923, A",
	"locationAddress2": "",
	"locationCity": "S",
	"locationState": "v",
	"locationCountry": "C",
	"locationZip": "95035",
	"expirationDate": "2019-04-30T00:00:00",
	"proximityInMiles": null,
	"latitude": 37.4352,
	"longitude": -121.895,
	"requiredServices": [{
		"productGuid": "6faf3e50-0732-4066-9fd4-12fe24c02788",
		"productName": "Transcription"
	}],
	"optionalServices": [],
	"status": 2,
	"applications": null,
	"createdDate": "2019-04-15T04:43:29.2688129",
	"createdBy": "",
	"modifiedBy": ""
},
{
	"advertisementGuid": "0b41274e-e3d0-492d-9ffe-fe8c4985dac8",
	"partnerGuid": "c0963a72-4081-4078-874a-076c0f8cc4d3",
	"partnerCompanyName": "Harvey, Schuster and Cormier",
	"contactFirstName": "Clyde",
	"contactLastName": "Ratke",
	"jobName": "Shanahan, Kihn and McDermott",
	"notes": "Hello, I would like to have this Job.",
	"startDate": "2019-04-13T11:41:39",
	"endDate": "2019-07-08T11:41:39",
	"locationAddress1": "0869 Lenore Roads",
	"locationAddress2": "",
	"locationCity": "San Jose",
	"locationState": "CA",
	"locationCountry": "USA",
	"locationZip": "95126",
	"expirationDate": null,
	"proximityInMiles": null,
	"latitude": 37.34342,
	"longitude": -121.92966,
	"requiredServices": [{
		"productGuid": "70193caf-b10c-4980-9a35-5db79de142e8",
		"productName": "Audio transcription"
	}, {
		"productGuid": "d349a812-50ea-4d19-ba0a-e147287e2097",
		"productName": "Cart"
	}],
	"optionalServices": [{
		"productGuid": "6f54255b-75e5-4925-938a-2eb175c04c05",
		"productName": "Contract negotiation"
	}, {
		"productGuid": "df9c7a91-26b0-49a6-a275-57037abfd0b4",
		"productName": "Delivery"
	}],
	"status": 1,
	"applications": null,
	"createdDate": "2019-04-15T11:41:39",
	"createdBy": "",
	"modifiedBy": ""
}, {
	"advertisementGuid": "5e9d9d84-e114-4809-abd5-12d796934cae",
	"partnerGuid": "c0963a72-4081-4078-874a-076c0f8cc4d3",
	"partnerCompanyName": "Harvey, Schuster and Cormier",
	"contactFirstName": "Clyde",
	"contactLastName": "Ratke",
	"jobName": "Yundt, Stroman and Gleichner",
	"notes": "Hello, I would like to have this Job.",
	"startDate": "2019-02-13T11:41:39",
	"endDate": "2019-05-09T11:41:39",
	"locationAddress1": "0325 Cole Hollow",
	"locationAddress2": "",
	"locationCity": "San Jose",
	"locationState": "CA",
	"locationCountry": "USA",
	"locationZip": "95126-2325",
	"expirationDate": null,
	"proximityInMiles": null,
	"latitude": 37.3352916,
	"longitude": -121.9154062,
	"requiredServices": [],
	"optionalServices": [],
	"status": 1,
	"applications": null,
	"createdDate": "2019-04-15T11:41:39",
	"createdBy": "",
	"modifiedBy": ""
}, {
	"advertisementGuid": "4cdccd51-f2b3-499b-aaf2-b1f687521b5c",
	"partnerGuid": "c0963a72-4081-4078-874a-076c0f8cc4d3",
	"partnerCompanyName": "Harvey, Schuster and Cormier",
	"contactFirstName": "Clyde",
	"contactLastName": "Ratke",
	"jobName": "Borer - Kulas",
	"notes": "Hello, I would like to have this Job.",
	"startDate": "2019-03-02T11:41:39",
	"endDate": "2019-06-02T11:41:39",
	"locationAddress1": "769 Domingo Path",
	"locationAddress2": "",
	"locationCity": "Sunnyvale",
	"locationState": "CA",
	"locationCountry": "USA",
	"locationZip": "94087",
	"expirationDate": null,
	"proximityInMiles": null,
	"latitude": 37.345046,
	"longitude": -122.052126,
	"requiredServices": [],
	"optionalServices": [],
	"status": 1,
	"applications": null,
	"createdDate": "2019-04-15T11:41:39",
	"createdBy": "",
	"modifiedBy": ""
}, {
	"advertisementGuid": "cfcec472-0043-4786-a297-c9a4ebfeae61",
	"partnerGuid": "c0963a72-4081-4078-874a-076c0f8cc4d3",
	"partnerCompanyName": "Harvey, Schuster and Cormier",
	"contactFirstName": "Clyde",
	"contactLastName": "Ratke",
	"jobName": "New Ad",
	"notes": "",
	"startDate": "2019-04-15T00:00:00",
	"endDate": "2019-04-30T00:00:00",
	"locationAddress1": "1923, A",
	"locationAddress2": "",
	"locationCity": "S",
	"locationState": "v",
	"locationCountry": "C",
	"locationZip": "95035",
	"expirationDate": "2019-04-30T00:00:00",
	"proximityInMiles": null,
	"latitude": 37.4352,
	"longitude": -121.895,
	"requiredServices": [{
		"productGuid": "6faf3e50-0732-4066-9fd4-12fe24c02788",
		"productName": "Transcription"
	}],
	"optionalServices": [],
	"status": 2,
	"applications": null,
	"createdDate": "2019-04-15T04:43:29.2688129",
	"createdBy": "",
	"modifiedBy": ""
},
{
	"advertisementGuid": "0b41274e-e3d0-492d-9ffe-fe8c4985dac8",
	"partnerGuid": "c0963a72-4081-4078-874a-076c0f8cc4d3",
	"partnerCompanyName": "Harvey, Schuster and Cormier",
	"contactFirstName": "Clyde",
	"contactLastName": "Ratke",
	"jobName": "Shanahan, Kihn and McDermott",
	"notes": "Hello, I would like to have this Job.",
	"startDate": "2019-04-13T11:41:39",
	"endDate": "2019-07-08T11:41:39",
	"locationAddress1": "0869 Lenore Roads",
	"locationAddress2": "",
	"locationCity": "San Jose",
	"locationState": "CA",
	"locationCountry": "USA",
	"locationZip": "95126",
	"expirationDate": null,
	"proximityInMiles": null,
	"latitude": 37.34342,
	"longitude": -121.92966,
	"requiredServices": [{
		"productGuid": "70193caf-b10c-4980-9a35-5db79de142e8",
		"productName": "Audio transcription"
	}, {
		"productGuid": "d349a812-50ea-4d19-ba0a-e147287e2097",
		"productName": "Cart"
	}],
	"optionalServices": [{
		"productGuid": "6f54255b-75e5-4925-938a-2eb175c04c05",
		"productName": "Contract negotiation"
	}, {
		"productGuid": "df9c7a91-26b0-49a6-a275-57037abfd0b4",
		"productName": "Delivery"
	}],
	"status": 1,
	"applications": null,
	"createdDate": "2019-04-15T11:41:39",
	"createdBy": "",
	"modifiedBy": ""
}, {
	"advertisementGuid": "5e9d9d84-e114-4809-abd5-12d796934cae",
	"partnerGuid": "c0963a72-4081-4078-874a-076c0f8cc4d3",
	"partnerCompanyName": "Harvey, Schuster and Cormier",
	"contactFirstName": "Clyde",
	"contactLastName": "Ratke",
	"jobName": "Yundt, Stroman and Gleichner",
	"notes": "Hello, I would like to have this Job.",
	"startDate": "2019-02-13T11:41:39",
	"endDate": "2019-05-09T11:41:39",
	"locationAddress1": "0325 Cole Hollow",
	"locationAddress2": "",
	"locationCity": "San Jose",
	"locationState": "CA",
	"locationCountry": "USA",
	"locationZip": "95126-2325",
	"expirationDate": null,
	"proximityInMiles": null,
	"latitude": 37.3352916,
	"longitude": -121.9154062,
	"requiredServices": [],
	"optionalServices": [],
	"status": 1,
	"applications": null,
	"createdDate": "2019-04-15T11:41:39",
	"createdBy": "",
	"modifiedBy": ""
}, {
	"advertisementGuid": "4cdccd51-f2b3-499b-aaf2-b1f687521b5c",
	"partnerGuid": "c0963a72-4081-4078-874a-076c0f8cc4d3",
	"partnerCompanyName": "Harvey, Schuster and Cormier",
	"contactFirstName": "Clyde",
	"contactLastName": "Ratke",
	"jobName": "Borer - Kulas",
	"notes": "Hello, I would like to have this Job.",
	"startDate": "2019-03-02T11:41:39",
	"endDate": "2019-06-02T11:41:39",
	"locationAddress1": "769 Domingo Path",
	"locationAddress2": "",
	"locationCity": "Sunnyvale",
	"locationState": "CA",
	"locationCountry": "USA",
	"locationZip": "94087",
	"expirationDate": null,
	"proximityInMiles": null,
	"latitude": 37.345046,
	"longitude": -122.052126,
	"requiredServices": [],
	"optionalServices": [],
	"status": 1,
	"applications": null,
	"createdDate": "2019-04-15T11:41:39",
	"createdBy": "",
	"modifiedBy": ""
}, {
	"advertisementGuid": "cfcec472-0043-4786-a297-c9a4ebfeae61",
	"partnerGuid": "c0963a72-4081-4078-874a-076c0f8cc4d3",
	"partnerCompanyName": "Harvey, Schuster and Cormier",
	"contactFirstName": "Clyde",
	"contactLastName": "Ratke",
	"jobName": "New Ad",
	"notes": "",
	"startDate": "2019-04-15T00:00:00",
	"endDate": "2019-04-30T00:00:00",
	"locationAddress1": "1923, A",
	"locationAddress2": "",
	"locationCity": "S",
	"locationState": "v",
	"locationCountry": "C",
	"locationZip": "95035",
	"expirationDate": "2019-04-30T00:00:00",
	"proximityInMiles": null,
	"latitude": 37.4352,
	"longitude": -121.895,
	"requiredServices": [{
		"productGuid": "6faf3e50-0732-4066-9fd4-12fe24c02788",
		"productName": "Transcription"
	}],
	"optionalServices": [],
	"status": 2,
	"applications": null,
	"createdDate": "2019-04-15T04:43:29.2688129",
	"createdBy": "",
	"modifiedBy": ""
},
{
	"advertisementGuid": "0b41274e-e3d0-492d-9ffe-fe8c4985dac8",
	"partnerGuid": "c0963a72-4081-4078-874a-076c0f8cc4d3",
	"partnerCompanyName": "Harvey, Schuster and Cormier",
	"contactFirstName": "Clyde",
	"contactLastName": "Ratke",
	"jobName": "Shanahan, Kihn and McDermott",
	"notes": "Hello, I would like to have this Job.",
	"startDate": "2019-04-13T11:41:39",
	"endDate": "2019-07-08T11:41:39",
	"locationAddress1": "0869 Lenore Roads",
	"locationAddress2": "",
	"locationCity": "San Jose",
	"locationState": "CA",
	"locationCountry": "USA",
	"locationZip": "95126",
	"expirationDate": null,
	"proximityInMiles": null,
	"latitude": 37.34342,
	"longitude": -121.92966,
	"requiredServices": [{
		"productGuid": "70193caf-b10c-4980-9a35-5db79de142e8",
		"productName": "Audio transcription"
	}, {
		"productGuid": "d349a812-50ea-4d19-ba0a-e147287e2097",
		"productName": "Cart"
	}],
	"optionalServices": [{
		"productGuid": "6f54255b-75e5-4925-938a-2eb175c04c05",
		"productName": "Contract negotiation"
	}, {
		"productGuid": "df9c7a91-26b0-49a6-a275-57037abfd0b4",
		"productName": "Delivery"
	}],
	"status": 1,
	"applications": null,
	"createdDate": "2019-04-15T11:41:39",
	"createdBy": "",
	"modifiedBy": ""
}, {
	"advertisementGuid": "5e9d9d84-e114-4809-abd5-12d796934cae",
	"partnerGuid": "c0963a72-4081-4078-874a-076c0f8cc4d3",
	"partnerCompanyName": "Harvey, Schuster and Cormier",
	"contactFirstName": "Clyde",
	"contactLastName": "Ratke",
	"jobName": "Yundt, Stroman and Gleichner",
	"notes": "Hello, I would like to have this Job.",
	"startDate": "2019-02-13T11:41:39",
	"endDate": "2019-05-09T11:41:39",
	"locationAddress1": "0325 Cole Hollow",
	"locationAddress2": "",
	"locationCity": "San Jose",
	"locationState": "CA",
	"locationCountry": "USA",
	"locationZip": "95126-2325",
	"expirationDate": null,
	"proximityInMiles": null,
	"latitude": 37.3352916,
	"longitude": -121.9154062,
	"requiredServices": [],
	"optionalServices": [],
	"status": 1,
	"applications": null,
	"createdDate": "2019-04-15T11:41:39",
	"createdBy": "",
	"modifiedBy": ""
}, {
	"advertisementGuid": "4cdccd51-f2b3-499b-aaf2-b1f687521b5c",
	"partnerGuid": "c0963a72-4081-4078-874a-076c0f8cc4d3",
	"partnerCompanyName": "Harvey, Schuster and Cormier",
	"contactFirstName": "Clyde",
	"contactLastName": "Ratke",
	"jobName": "Borer - Kulas",
	"notes": "Hello, I would like to have this Job.",
	"startDate": "2019-03-02T11:41:39",
	"endDate": "2019-06-02T11:41:39",
	"locationAddress1": "769 Domingo Path",
	"locationAddress2": "",
	"locationCity": "Sunnyvale",
	"locationState": "CA",
	"locationCountry": "USA",
	"locationZip": "94087",
	"expirationDate": null,
	"proximityInMiles": null,
	"latitude": 37.345046,
	"longitude": -122.052126,
	"requiredServices": [],
	"optionalServices": [],
	"status": 1,
	"applications": null,
	"createdDate": "2019-04-15T11:41:39",
	"createdBy": "",
	"modifiedBy": ""
}, {
	"advertisementGuid": "cfcec472-0043-4786-a297-c9a4ebfeae61",
	"partnerGuid": "c0963a72-4081-4078-874a-076c0f8cc4d3",
	"partnerCompanyName": "Harvey, Schuster and Cormier",
	"contactFirstName": "Clyde",
	"contactLastName": "Ratke",
	"jobName": "New Ad",
	"notes": "",
	"startDate": "2019-04-15T00:00:00",
	"endDate": "2019-04-30T00:00:00",
	"locationAddress1": "1923, A",
	"locationAddress2": "",
	"locationCity": "S",
	"locationState": "v",
	"locationCountry": "C",
	"locationZip": "95035",
	"expirationDate": "2019-04-30T00:00:00",
	"proximityInMiles": null,
	"latitude": 37.4352,
	"longitude": -121.895,
	"requiredServices": [{
		"productGuid": "6faf3e50-0732-4066-9fd4-12fe24c02788",
		"productName": "Transcription"
	}],
	"optionalServices": [],
	"status": 2,
	"applications": null,
	"createdDate": "2019-04-15T04:43:29.2688129",
	"createdBy": "",
	"modifiedBy": ""
},
{
	"advertisementGuid": "0b41274e-e3d0-492d-9ffe-fe8c4985dac8",
	"partnerGuid": "c0963a72-4081-4078-874a-076c0f8cc4d3",
	"partnerCompanyName": "Harvey, Schuster and Cormier",
	"contactFirstName": "Clyde",
	"contactLastName": "Ratke",
	"jobName": "Shanahan, Kihn and McDermott",
	"notes": "Hello, I would like to have this Job.",
	"startDate": "2019-04-13T11:41:39",
	"endDate": "2019-07-08T11:41:39",
	"locationAddress1": "0869 Lenore Roads",
	"locationAddress2": "",
	"locationCity": "San Jose",
	"locationState": "CA",
	"locationCountry": "USA",
	"locationZip": "95126",
	"expirationDate": null,
	"proximityInMiles": null,
	"latitude": 37.34342,
	"longitude": -121.92966,
	"requiredServices": [{
		"productGuid": "70193caf-b10c-4980-9a35-5db79de142e8",
		"productName": "Audio transcription"
	}, {
		"productGuid": "d349a812-50ea-4d19-ba0a-e147287e2097",
		"productName": "Cart"
	}],
	"optionalServices": [{
		"productGuid": "6f54255b-75e5-4925-938a-2eb175c04c05",
		"productName": "Contract negotiation"
	}, {
		"productGuid": "df9c7a91-26b0-49a6-a275-57037abfd0b4",
		"productName": "Delivery"
	}],
	"status": 1,
	"applications": null,
	"createdDate": "2019-04-15T11:41:39",
	"createdBy": "",
	"modifiedBy": ""
}, {
	"advertisementGuid": "5e9d9d84-e114-4809-abd5-12d796934cae",
	"partnerGuid": "c0963a72-4081-4078-874a-076c0f8cc4d3",
	"partnerCompanyName": "Harvey, Schuster and Cormier",
	"contactFirstName": "Clyde",
	"contactLastName": "Ratke",
	"jobName": "Yundt, Stroman and Gleichner",
	"notes": "Hello, I would like to have this Job.",
	"startDate": "2019-02-13T11:41:39",
	"endDate": "2019-05-09T11:41:39",
	"locationAddress1": "0325 Cole Hollow",
	"locationAddress2": "",
	"locationCity": "San Jose",
	"locationState": "CA",
	"locationCountry": "USA",
	"locationZip": "95126-2325",
	"expirationDate": null,
	"proximityInMiles": null,
	"latitude": 37.3352916,
	"longitude": -121.9154062,
	"requiredServices": [],
	"optionalServices": [],
	"status": 1,
	"applications": null,
	"createdDate": "2019-04-15T11:41:39",
	"createdBy": "",
	"modifiedBy": ""
}, {
	"advertisementGuid": "4cdccd51-f2b3-499b-aaf2-b1f687521b5c",
	"partnerGuid": "c0963a72-4081-4078-874a-076c0f8cc4d3",
	"partnerCompanyName": "Harvey, Schuster and Cormier",
	"contactFirstName": "Clyde",
	"contactLastName": "Ratke",
	"jobName": "Borer - Kulas",
	"notes": "Hello, I would like to have this Job.",
	"startDate": "2019-03-02T11:41:39",
	"endDate": "2019-06-02T11:41:39",
	"locationAddress1": "769 Domingo Path",
	"locationAddress2": "",
	"locationCity": "Sunnyvale",
	"locationState": "CA",
	"locationCountry": "USA",
	"locationZip": "94087",
	"expirationDate": null,
	"proximityInMiles": null,
	"latitude": 37.345046,
	"longitude": -122.052126,
	"requiredServices": [],
	"optionalServices": [],
	"status": 1,
	"applications": null,
	"createdDate": "2019-04-15T11:41:39",
	"createdBy": "",
	"modifiedBy": ""
}, {
	"advertisementGuid": "cfcec472-0043-4786-a297-c9a4ebfeae61",
	"partnerGuid": "c0963a72-4081-4078-874a-076c0f8cc4d3",
	"partnerCompanyName": "Harvey, Schuster and Cormier",
	"contactFirstName": "Clyde",
	"contactLastName": "Ratke",
	"jobName": "New Ad",
	"notes": "",
	"startDate": "2019-04-15T00:00:00",
	"endDate": "2019-04-30T00:00:00",
	"locationAddress1": "1923, A",
	"locationAddress2": "",
	"locationCity": "S",
	"locationState": "v",
	"locationCountry": "C",
	"locationZip": "95035",
	"expirationDate": "2019-04-30T00:00:00",
	"proximityInMiles": null,
	"latitude": 37.4352,
	"longitude": -121.895,
	"requiredServices": [{
		"productGuid": "6faf3e50-0732-4066-9fd4-12fe24c02788",
		"productName": "Transcription"
	}],
	"optionalServices": [],
	"status": 2,
	"applications": null,
	"createdDate": "2019-04-15T04:43:29.2688129",
	"createdBy": "",
	"modifiedBy": ""
},
{
	"advertisementGuid": "0b41274e-e3d0-492d-9ffe-fe8c4985dac8",
	"partnerGuid": "c0963a72-4081-4078-874a-076c0f8cc4d3",
	"partnerCompanyName": "Harvey, Schuster and Cormier",
	"contactFirstName": "Clyde",
	"contactLastName": "Ratke",
	"jobName": "Shanahan, Kihn and McDermott",
	"notes": "Hello, I would like to have this Job.",
	"startDate": "2019-04-13T11:41:39",
	"endDate": "2019-07-08T11:41:39",
	"locationAddress1": "0869 Lenore Roads",
	"locationAddress2": "",
	"locationCity": "San Jose",
	"locationState": "CA",
	"locationCountry": "USA",
	"locationZip": "95126",
	"expirationDate": null,
	"proximityInMiles": null,
	"latitude": 37.34342,
	"longitude": -121.92966,
	"requiredServices": [{
		"productGuid": "70193caf-b10c-4980-9a35-5db79de142e8",
		"productName": "Audio transcription"
	}, {
		"productGuid": "d349a812-50ea-4d19-ba0a-e147287e2097",
		"productName": "Cart"
	}],
	"optionalServices": [{
		"productGuid": "6f54255b-75e5-4925-938a-2eb175c04c05",
		"productName": "Contract negotiation"
	}, {
		"productGuid": "df9c7a91-26b0-49a6-a275-57037abfd0b4",
		"productName": "Delivery"
	}],
	"status": 1,
	"applications": null,
	"createdDate": "2019-04-15T11:41:39",
	"createdBy": "",
	"modifiedBy": ""
}, {
	"advertisementGuid": "5e9d9d84-e114-4809-abd5-12d796934cae",
	"partnerGuid": "c0963a72-4081-4078-874a-076c0f8cc4d3",
	"partnerCompanyName": "Harvey, Schuster and Cormier",
	"contactFirstName": "Clyde",
	"contactLastName": "Ratke",
	"jobName": "Yundt, Stroman and Gleichner",
	"notes": "Hello, I would like to have this Job.",
	"startDate": "2019-02-13T11:41:39",
	"endDate": "2019-05-09T11:41:39",
	"locationAddress1": "0325 Cole Hollow",
	"locationAddress2": "",
	"locationCity": "San Jose",
	"locationState": "CA",
	"locationCountry": "USA",
	"locationZip": "95126-2325",
	"expirationDate": null,
	"proximityInMiles": null,
	"latitude": 37.3352916,
	"longitude": -121.9154062,
	"requiredServices": [],
	"optionalServices": [],
	"status": 1,
	"applications": null,
	"createdDate": "2019-04-15T11:41:39",
	"createdBy": "",
	"modifiedBy": ""
}, {
	"advertisementGuid": "4cdccd51-f2b3-499b-aaf2-b1f687521b5c",
	"partnerGuid": "c0963a72-4081-4078-874a-076c0f8cc4d3",
	"partnerCompanyName": "Harvey, Schuster and Cormier",
	"contactFirstName": "Clyde",
	"contactLastName": "Ratke",
	"jobName": "Borer - Kulas",
	"notes": "Hello, I would like to have this Job.",
	"startDate": "2019-03-02T11:41:39",
	"endDate": "2019-06-02T11:41:39",
	"locationAddress1": "769 Domingo Path",
	"locationAddress2": "",
	"locationCity": "Sunnyvale",
	"locationState": "CA",
	"locationCountry": "USA",
	"locationZip": "94087",
	"expirationDate": null,
	"proximityInMiles": null,
	"latitude": 37.345046,
	"longitude": -122.052126,
	"requiredServices": [],
	"optionalServices": [],
	"status": 1,
	"applications": null,
	"createdDate": "2019-04-15T11:41:39",
	"createdBy": "",
	"modifiedBy": ""
}, {
	"advertisementGuid": "cfcec472-0043-4786-a297-c9a4ebfeae61",
	"partnerGuid": "c0963a72-4081-4078-874a-076c0f8cc4d3",
	"partnerCompanyName": "Harvey, Schuster and Cormier",
	"contactFirstName": "Clyde",
	"contactLastName": "Ratke",
	"jobName": "New Ad",
	"notes": "",
	"startDate": "2019-04-15T00:00:00",
	"endDate": "2019-04-30T00:00:00",
	"locationAddress1": "1923, A",
	"locationAddress2": "",
	"locationCity": "S",
	"locationState": "v",
	"locationCountry": "C",
	"locationZip": "95035",
	"expirationDate": "2019-04-30T00:00:00",
	"proximityInMiles": null,
	"latitude": 37.4352,
	"longitude": -121.895,
	"requiredServices": [{
		"productGuid": "6faf3e50-0732-4066-9fd4-12fe24c02788",
		"productName": "Transcription"
	}],
	"optionalServices": [],
	"status": 2,
	"applications": null,
	"createdDate": "2019-04-15T04:43:29.2688129",
	"createdBy": "",
	"modifiedBy": ""
},
{
	"advertisementGuid": "0b41274e-e3d0-492d-9ffe-fe8c4985dac8",
	"partnerGuid": "c0963a72-4081-4078-874a-076c0f8cc4d3",
	"partnerCompanyName": "Harvey, Schuster and Cormier",
	"contactFirstName": "Clyde",
	"contactLastName": "Ratke",
	"jobName": "Shanahan, Kihn and McDermott",
	"notes": "Hello, I would like to have this Job.",
	"startDate": "2019-04-13T11:41:39",
	"endDate": "2019-07-08T11:41:39",
	"locationAddress1": "0869 Lenore Roads",
	"locationAddress2": "",
	"locationCity": "San Jose",
	"locationState": "CA",
	"locationCountry": "USA",
	"locationZip": "95126",
	"expirationDate": null,
	"proximityInMiles": null,
	"latitude": 37.34342,
	"longitude": -121.92966,
	"requiredServices": [{
		"productGuid": "70193caf-b10c-4980-9a35-5db79de142e8",
		"productName": "Audio transcription"
	}, {
		"productGuid": "d349a812-50ea-4d19-ba0a-e147287e2097",
		"productName": "Cart"
	}],
	"optionalServices": [{
		"productGuid": "6f54255b-75e5-4925-938a-2eb175c04c05",
		"productName": "Contract negotiation"
	}, {
		"productGuid": "df9c7a91-26b0-49a6-a275-57037abfd0b4",
		"productName": "Delivery"
	}],
	"status": 1,
	"applications": null,
	"createdDate": "2019-04-15T11:41:39",
	"createdBy": "",
	"modifiedBy": ""
}, {
	"advertisementGuid": "5e9d9d84-e114-4809-abd5-12d796934cae",
	"partnerGuid": "c0963a72-4081-4078-874a-076c0f8cc4d3",
	"partnerCompanyName": "Harvey, Schuster and Cormier",
	"contactFirstName": "Clyde",
	"contactLastName": "Ratke",
	"jobName": "Yundt, Stroman and Gleichner",
	"notes": "Hello, I would like to have this Job.",
	"startDate": "2019-02-13T11:41:39",
	"endDate": "2019-05-09T11:41:39",
	"locationAddress1": "0325 Cole Hollow",
	"locationAddress2": "",
	"locationCity": "San Jose",
	"locationState": "CA",
	"locationCountry": "USA",
	"locationZip": "95126-2325",
	"expirationDate": null,
	"proximityInMiles": null,
	"latitude": 37.3352916,
	"longitude": -121.9154062,
	"requiredServices": [],
	"optionalServices": [],
	"status": 1,
	"applications": null,
	"createdDate": "2019-04-15T11:41:39",
	"createdBy": "",
	"modifiedBy": ""
}, {
	"advertisementGuid": "4cdccd51-f2b3-499b-aaf2-b1f687521b5c",
	"partnerGuid": "c0963a72-4081-4078-874a-076c0f8cc4d3",
	"partnerCompanyName": "Harvey, Schuster and Cormier",
	"contactFirstName": "Clyde",
	"contactLastName": "Ratke",
	"jobName": "Borer - Kulas",
	"notes": "Hello, I would like to have this Job.",
	"startDate": "2019-03-02T11:41:39",
	"endDate": "2019-06-02T11:41:39",
	"locationAddress1": "769 Domingo Path",
	"locationAddress2": "",
	"locationCity": "Sunnyvale",
	"locationState": "CA",
	"locationCountry": "USA",
	"locationZip": "94087",
	"expirationDate": null,
	"proximityInMiles": null,
	"latitude": 37.345046,
	"longitude": -122.052126,
	"requiredServices": [],
	"optionalServices": [],
	"status": 1,
	"applications": null,
	"createdDate": "2019-04-15T11:41:39",
	"createdBy": "",
	"modifiedBy": ""
}, {
	"advertisementGuid": "cfcec472-0043-4786-a297-c9a4ebfeae61",
	"partnerGuid": "c0963a72-4081-4078-874a-076c0f8cc4d3",
	"partnerCompanyName": "Harvey, Schuster and Cormier",
	"contactFirstName": "Clyde",
	"contactLastName": "Ratke",
	"jobName": "New Ad",
	"notes": "",
	"startDate": "2019-04-15T00:00:00",
	"endDate": "2019-04-30T00:00:00",
	"locationAddress1": "1923, A",
	"locationAddress2": "",
	"locationCity": "S",
	"locationState": "v",
	"locationCountry": "C",
	"locationZip": "95035",
	"expirationDate": "2019-04-30T00:00:00",
	"proximityInMiles": null,
	"latitude": 37.4352,
	"longitude": -121.895,
	"requiredServices": [{
		"productGuid": "6faf3e50-0732-4066-9fd4-12fe24c02788",
		"productName": "Transcription"
	}],
	"optionalServices": [],
	"status": 2,
	"applications": null,
	"createdDate": "2019-04-15T04:43:29.2688129",
	"createdBy": "",
	"modifiedBy": ""
},
{
	"advertisementGuid": "0b41274e-e3d0-492d-9ffe-fe8c4985dac8",
	"partnerGuid": "c0963a72-4081-4078-874a-076c0f8cc4d3",
	"partnerCompanyName": "Harvey, Schuster and Cormier",
	"contactFirstName": "Clyde",
	"contactLastName": "Ratke",
	"jobName": "Shanahan, Kihn and McDermott",
	"notes": "Hello, I would like to have this Job.",
	"startDate": "2019-04-13T11:41:39",
	"endDate": "2019-07-08T11:41:39",
	"locationAddress1": "0869 Lenore Roads",
	"locationAddress2": "",
	"locationCity": "San Jose",
	"locationState": "CA",
	"locationCountry": "USA",
	"locationZip": "95126",
	"expirationDate": null,
	"proximityInMiles": null,
	"latitude": 37.34342,
	"longitude": -121.92966,
	"requiredServices": [{
		"productGuid": "70193caf-b10c-4980-9a35-5db79de142e8",
		"productName": "Audio transcription"
	}, {
		"productGuid": "d349a812-50ea-4d19-ba0a-e147287e2097",
		"productName": "Cart"
	}],
	"optionalServices": [{
		"productGuid": "6f54255b-75e5-4925-938a-2eb175c04c05",
		"productName": "Contract negotiation"
	}, {
		"productGuid": "df9c7a91-26b0-49a6-a275-57037abfd0b4",
		"productName": "Delivery"
	}],
	"status": 1,
	"applications": null,
	"createdDate": "2019-04-15T11:41:39",
	"createdBy": "",
	"modifiedBy": ""
}, {
	"advertisementGuid": "5e9d9d84-e114-4809-abd5-12d796934cae",
	"partnerGuid": "c0963a72-4081-4078-874a-076c0f8cc4d3",
	"partnerCompanyName": "Harvey, Schuster and Cormier",
	"contactFirstName": "Clyde",
	"contactLastName": "Ratke",
	"jobName": "Yundt, Stroman and Gleichner",
	"notes": "Hello, I would like to have this Job.",
	"startDate": "2019-02-13T11:41:39",
	"endDate": "2019-05-09T11:41:39",
	"locationAddress1": "0325 Cole Hollow",
	"locationAddress2": "",
	"locationCity": "San Jose",
	"locationState": "CA",
	"locationCountry": "USA",
	"locationZip": "95126-2325",
	"expirationDate": null,
	"proximityInMiles": null,
	"latitude": 37.3352916,
	"longitude": -121.9154062,
	"requiredServices": [],
	"optionalServices": [],
	"status": 1,
	"applications": null,
	"createdDate": "2019-04-15T11:41:39",
	"createdBy": "",
	"modifiedBy": ""
}, {
	"advertisementGuid": "4cdccd51-f2b3-499b-aaf2-b1f687521b5c",
	"partnerGuid": "c0963a72-4081-4078-874a-076c0f8cc4d3",
	"partnerCompanyName": "Harvey, Schuster and Cormier",
	"contactFirstName": "Clyde",
	"contactLastName": "Ratke",
	"jobName": "Borer - Kulas",
	"notes": "Hello, I would like to have this Job.",
	"startDate": "2019-03-02T11:41:39",
	"endDate": "2019-06-02T11:41:39",
	"locationAddress1": "769 Domingo Path",
	"locationAddress2": "",
	"locationCity": "Sunnyvale",
	"locationState": "CA",
	"locationCountry": "USA",
	"locationZip": "94087",
	"expirationDate": null,
	"proximityInMiles": null,
	"latitude": 37.345046,
	"longitude": -122.052126,
	"requiredServices": [],
	"optionalServices": [],
	"status": 1,
	"applications": null,
	"createdDate": "2019-04-15T11:41:39",
	"createdBy": "",
	"modifiedBy": ""
}, {
	"advertisementGuid": "cfcec472-0043-4786-a297-c9a4ebfeae61",
	"partnerGuid": "c0963a72-4081-4078-874a-076c0f8cc4d3",
	"partnerCompanyName": "Harvey, Schuster and Cormier",
	"contactFirstName": "Clyde",
	"contactLastName": "Ratke",
	"jobName": "New Ad",
	"notes": "",
	"startDate": "2019-04-15T00:00:00",
	"endDate": "2019-04-30T00:00:00",
	"locationAddress1": "1923, A",
	"locationAddress2": "",
	"locationCity": "S",
	"locationState": "v",
	"locationCountry": "C",
	"locationZip": "95035",
	"expirationDate": "2019-04-30T00:00:00",
	"proximityInMiles": null,
	"latitude": 37.4352,
	"longitude": -121.895,
	"requiredServices": [{
		"productGuid": "6faf3e50-0732-4066-9fd4-12fe24c02788",
		"productName": "Transcription"
	}],
	"optionalServices": [],
	"status": 2,
	"applications": null,
	"createdDate": "2019-04-15T04:43:29.2688129",
	"createdBy": "",
	"modifiedBy": ""
},
{
	"advertisementGuid": "0b41274e-e3d0-492d-9ffe-fe8c4985dac8",
	"partnerGuid": "c0963a72-4081-4078-874a-076c0f8cc4d3",
	"partnerCompanyName": "Harvey, Schuster and Cormier",
	"contactFirstName": "Clyde",
	"contactLastName": "Ratke",
	"jobName": "Shanahan, Kihn and McDermott",
	"notes": "Hello, I would like to have this Job.",
	"startDate": "2019-04-13T11:41:39",
	"endDate": "2019-07-08T11:41:39",
	"locationAddress1": "0869 Lenore Roads",
	"locationAddress2": "",
	"locationCity": "San Jose",
	"locationState": "CA",
	"locationCountry": "USA",
	"locationZip": "95126",
	"expirationDate": null,
	"proximityInMiles": null,
	"latitude": 37.34342,
	"longitude": -121.92966,
	"requiredServices": [{
		"productGuid": "70193caf-b10c-4980-9a35-5db79de142e8",
		"productName": "Audio transcription"
	}, {
		"productGuid": "d349a812-50ea-4d19-ba0a-e147287e2097",
		"productName": "Cart"
	}],
	"optionalServices": [{
		"productGuid": "6f54255b-75e5-4925-938a-2eb175c04c05",
		"productName": "Contract negotiation"
	}, {
		"productGuid": "df9c7a91-26b0-49a6-a275-57037abfd0b4",
		"productName": "Delivery"
	}],
	"status": 1,
	"applications": null,
	"createdDate": "2019-04-15T11:41:39",
	"createdBy": "",
	"modifiedBy": ""
}, {
	"advertisementGuid": "5e9d9d84-e114-4809-abd5-12d796934cae",
	"partnerGuid": "c0963a72-4081-4078-874a-076c0f8cc4d3",
	"partnerCompanyName": "Harvey, Schuster and Cormier",
	"contactFirstName": "Clyde",
	"contactLastName": "Ratke",
	"jobName": "Yundt, Stroman and Gleichner",
	"notes": "Hello, I would like to have this Job.",
	"startDate": "2019-02-13T11:41:39",
	"endDate": "2019-05-09T11:41:39",
	"locationAddress1": "0325 Cole Hollow",
	"locationAddress2": "",
	"locationCity": "San Jose",
	"locationState": "CA",
	"locationCountry": "USA",
	"locationZip": "95126-2325",
	"expirationDate": null,
	"proximityInMiles": null,
	"latitude": 37.3352916,
	"longitude": -121.9154062,
	"requiredServices": [],
	"optionalServices": [],
	"status": 1,
	"applications": null,
	"createdDate": "2019-04-15T11:41:39",
	"createdBy": "",
	"modifiedBy": ""
}, {
	"advertisementGuid": "4cdccd51-f2b3-499b-aaf2-b1f687521b5c",
	"partnerGuid": "c0963a72-4081-4078-874a-076c0f8cc4d3",
	"partnerCompanyName": "Harvey, Schuster and Cormier",
	"contactFirstName": "Clyde",
	"contactLastName": "Ratke",
	"jobName": "Borer - Kulas",
	"notes": "Hello, I would like to have this Job.",
	"startDate": "2019-03-02T11:41:39",
	"endDate": "2019-06-02T11:41:39",
	"locationAddress1": "769 Domingo Path",
	"locationAddress2": "",
	"locationCity": "Sunnyvale",
	"locationState": "CA",
	"locationCountry": "USA",
	"locationZip": "94087",
	"expirationDate": null,
	"proximityInMiles": null,
	"latitude": 37.345046,
	"longitude": -122.052126,
	"requiredServices": [],
	"optionalServices": [],
	"status": 1,
	"applications": null,
	"createdDate": "2019-04-15T11:41:39",
	"createdBy": "",
	"modifiedBy": ""
}, {
	"advertisementGuid": "cfcec472-0043-4786-a297-c9a4ebfeae61",
	"partnerGuid": "c0963a72-4081-4078-874a-076c0f8cc4d3",
	"partnerCompanyName": "Harvey, Schuster and Cormier",
	"contactFirstName": "Clyde",
	"contactLastName": "Ratke",
	"jobName": "New Ad",
	"notes": "",
	"startDate": "2019-04-15T00:00:00",
	"endDate": "2019-04-30T00:00:00",
	"locationAddress1": "1923, A",
	"locationAddress2": "",
	"locationCity": "S",
	"locationState": "v",
	"locationCountry": "C",
	"locationZip": "95035",
	"expirationDate": "2019-04-30T00:00:00",
	"proximityInMiles": null,
	"latitude": 37.4352,
	"longitude": -121.895,
	"requiredServices": [{
		"productGuid": "6faf3e50-0732-4066-9fd4-12fe24c02788",
		"productName": "Transcription"
	}],
	"optionalServices": [],
	"status": 2,
	"applications": null,
	"createdDate": "2019-04-15T04:43:29.2688129",
	"createdBy": "",
	"modifiedBy": ""
}
]