[{
    "jobGuid": "894dc02b-e98c-4710-8eaf-f9206f19d434",
    "orderingPartnerGuid": "79132763-d1ed-49ae-8878-9288a462135f",
    "orderingPartnerCompanyName": "Nitzsche, Runolfsdottir and Keebler",
    "orderingContactFirstName": "Roderigo",
    "orderingContactLastName": "Blesli",
    "title": "Account Coordinator",
    "notes": "Removal of implanted devices from bone, femur",
    "startDate": "4/12/2018",
    "endDate": "9/8/2018"
},
{
    "jobGuid": "b3cc92fb-4788-4eb5-a902-b855f1289a2b",
    "orderingPartnerGuid": "a662e62c-39ef-4c9e-b05f-a66de4195c07",
    "orderingPartnerCompanyName": "Nolan Group",
    "orderingContactFirstName": "Rici",
    "orderingContactLastName": "Lording",
    "title": "Help Desk Technician",
    "notes": "Magnetic resonance imaging of brain and brain stem",
    "startDate": "9/29/2018",
    "endDate": "10/6/2018"
},
{
    "jobGuid": "985c6866-7a96-430b-ad3f-1b068804a16a",
    "orderingPartnerGuid": "4c0bafd1-cedc-4bd8-9d80-6a2fd4fcda93",
    "orderingPartnerCompanyName": "Herman, Rowe and Steuber",
    "orderingContactFirstName": "Lacee",
    "orderingContactLastName": "Reinbech",
    "title": "Account Executive",
    "notes": "Total excision of pineal gland",
    "startDate": "10/12/2018",
    "endDate": "3/24/2018"
},
{
    "jobGuid": "d8f4f209-7723-404a-adbc-e1269e483a8d",
    "orderingPartnerGuid": "81066a10-6092-4bba-8358-5e0a5f147aa0",
    "orderingPartnerCompanyName": "McDermott Inc",
    "orderingContactFirstName": "Stephannie",
    "orderingContactLastName": "Zorn",
    "title": "Payment Adjustment Coordinator",
    "notes": "Labial frenotomy",
    "startDate": "8/12/2018",
    "endDate": "2/13/2019"
},
{
    "jobGuid": "948967dd-403d-4a65-890d-cc8f9e9dff78",
    "orderingPartnerGuid": "7fed043e-18f2-4947-bfd0-b7895d6aa43c",
    "orderingPartnerCompanyName": "Glover Group",
    "orderingContactFirstName": "Angus",
    "orderingContactLastName": "Waite",
    "title": "Editor",
    "notes": "Closed [percutaneous] [needle] biopsy of mediastinum",
    "startDate": "5/21/2018",
    "endDate": "12/29/2018"
},
{
    "jobGuid": "57b915ca-3b52-430d-9e33-29cbc80ac4ce",
    "orderingPartnerGuid": "0c3d91c6-b686-4759-830d-bc596c92bf06",
    "orderingPartnerCompanyName": "Abernathy-VonRueden",
    "orderingContactFirstName": "Mareah",
    "orderingContactLastName": "Poultney",
    "title": "Media Manager I",
    "notes": "Injection of hemorrhoids",
    "startDate": "9/7/2018",
    "endDate": "6/6/2018"
},
{
    "jobGuid": "32707346-a427-4d57-9556-20b224cfca28",
    "orderingPartnerGuid": "f5f1e822-c8c9-49b2-96ee-830fc77fa482",
    "orderingPartnerCompanyName": "Spencer and Sons",
    "orderingContactFirstName": "Griz",
    "orderingContactLastName": "McGirr",
    "title": "Associate Professor",
    "notes": "Reconstruction of eyelid with hair follicle graft",
    "startDate": "11/17/2018",
    "endDate": "4/23/2018"
},
{
    "jobGuid": "9066ff7f-7272-4194-b5b6-9c6b30df2f28",
    "orderingPartnerGuid": "e829bbd2-2da6-443d-aeb2-bd90265fcbd6",
    "orderingPartnerCompanyName": "Schmeler, Hamill and Harber",
    "orderingContactFirstName": "Fabien",
    "orderingContactLastName": "Hamlett",
    "title": "Senior Sales Associate",
    "notes": "Microscopic examination of specimen from other site, bacterial smear",
    "startDate": "7/29/2018",
    "endDate": "6/29/2018"
},
{
    "jobGuid": "a8f5db74-9564-4a8c-98d6-e6a57a30b3fe",
    "orderingPartnerGuid": "2716b37e-69ad-45a6-be00-988a7ebc231d",
    "orderingPartnerCompanyName": "Ledner Inc",
    "orderingContactFirstName": "Gabrielle",
    "orderingContactLastName": "McGrail",
    "title": "Speech Pathologist",
    "notes": "Nephrectomy of remaining kidney",
    "startDate": "4/16/2018",
    "endDate": "7/12/2018"
},
{
    "jobGuid": "2c90d6c5-b2c8-4d79-9eed-513c589723c1",
    "orderingPartnerGuid": "8be81f33-97d7-4c1c-af3b-c791a7591b14",
    "orderingPartnerCompanyName": "Hintz-Goodwin",
    "orderingContactFirstName": "Derick",
    "orderingContactLastName": "Follacaro",
    "title": "Financial Advisor",
    "notes": "Other consultation",
    "startDate": "5/3/2018",
    "endDate": "6/6/2018"
}
]