[
  {
    "id": 34564,
    "subject": "esse velit enim elit dolor magna est laboris",
    "createdAt": "04/24/2017",
    "lastUpdate": "02/22/2018",
    "priority": 3,
    "status": 4
  },
  {
    "id": 34565,
    "subject": "occaecat est commodo exercitation qui reprehenderit pariatur enim",
    "createdAt": "07/28/2016",
    "lastUpdate": "02/01/2018",
    "priority": 2,
    "status": 2
  },
  {
    "id": 34566,
    "subject": "labore labore occaecat reprehenderit adipisicing ut aute sunt",
    "createdAt": "08/15/2016",
    "lastUpdate": "01/30/2018",
    "priority": 3,
    "status": 2
  },
  {
    "id": 34567,
    "subject": "ullamco nostrud sint mollit elit cillum proident dolor",
    "createdAt": "07/22/2016",
    "lastUpdate": "02/14/2018",
    "priority": 2,
    "status": 3
  },
  {
    "id": 34568,
    "subject": "anim velit incididunt anim incididunt voluptate commodo adipisicing",
    "createdAt": "04/27/2017",
    "lastUpdate": "02/10/2018",
    "priority": 3,
    "status": 4
  },
  {
    "id": 34569,
    "subject": "nulla proident est tempor mollit anim ex Lorem",
    "createdAt": "07/24/2016",
    "lastUpdate": "02/19/2018",
    "priority": 2,
    "status": 1
  },
  {
    "id": 34570,
    "subject": "voluptate velit reprehenderit magna est Lorem laboris magna",
    "createdAt": "06/21/2017",
    "lastUpdate": "02/19/2018",
    "priority": 1,
    "status": 1
  },
  {
    "id": 34571,
    "subject": "eu pariatur veniam et deserunt do enim quis",
    "createdAt": "08/30/2016",
    "lastUpdate": "02/24/2018",
    "priority": 2,
    "status": 1
  },
  {
    "id": 34572,
    "subject": "ex adipisicing eu qui quis qui eu cillum",
    "createdAt": "01/06/2018",
    "lastUpdate": "02/13/2018",
    "priority": 2,
    "status": 3
  },
  {
    "id": 34573,
    "subject": "sit non elit officia incididunt occaecat minim mollit",
    "createdAt": "01/14/2017",
    "lastUpdate": "02/09/2018",
    "priority": 1,
    "status": 2
  },
  {
    "id": 34574,
    "subject": "ipsum et ullamco nostrud ullamco qui tempor exercitation",
    "createdAt": "12/19/2016",
    "lastUpdate": "01/30/2018",
    "priority": 1,
    "status": 3
  },
  {
    "id": 34575,
    "subject": "anim deserunt culpa occaecat duis aute consectetur ut",
    "createdAt": "12/25/2016",
    "lastUpdate": "02/23/2018",
    "priority": 2,
    "status": 4
  },
  {
    "id": 34576,
    "subject": "incididunt pariatur consectetur nostrud aute elit in nisi",
    "createdAt": "03/16/2016",
    "lastUpdate": "02/06/2018",
    "priority": 2,
    "status": 1
  },
  {
    "id": 34577,
    "subject": "occaecat amet incididunt ex Lorem enim ipsum magna",
    "createdAt": "11/22/2017",
    "lastUpdate": "02/19/2018",
    "priority": 2,
    "status": 3
  },
  {
    "id": 34578,
    "subject": "do cillum voluptate voluptate magna non pariatur officia",
    "createdAt": "10/22/2016",
    "lastUpdate": "01/29/2018",
    "priority": 1,
    "status": 4
  },
  {
    "id": 34579,
    "subject": "dolore exercitation velit esse ex laboris do reprehenderit",
    "createdAt": "09/22/2017",
    "lastUpdate": "02/02/2018",
    "priority": 3,
    "status": 1
  },
  {
    "id": 34580,
    "subject": "laboris proident nostrud ad tempor quis excepteur ea",
    "createdAt": "11/26/2017",
    "lastUpdate": "01/27/2018",
    "priority": 3,
    "status": 1
  },
  {
    "id": 34581,
    "subject": "do veniam ut ex cupidatat commodo quis excepteur",
    "createdAt": "11/13/2017",
    "lastUpdate": "01/28/2018",
    "priority": 3,
    "status": 1
  },
  {
    "id": 34582,
    "subject": "duis Lorem ipsum magna et Lorem dolor esse",
    "createdAt": "08/15/2017",
    "lastUpdate": "02/02/2018",
    "priority": 2,
    "status": 2
  },
  {
    "id": 34583,
    "subject": "est qui sit proident laboris amet proident laborum",
    "createdAt": "03/29/2016",
    "lastUpdate": "02/19/2018",
    "priority": 1,
    "status": 1
  },
  {
    "id": 34584,
    "subject": "qui anim quis nisi nulla irure in eu",
    "createdAt": "08/14/2016",
    "lastUpdate": "02/20/2018",
    "priority": 2,
    "status": 2
  },
  {
    "id": 34585,
    "subject": "minim commodo officia voluptate ad adipisicing cillum nostrud",
    "createdAt": "02/01/2017",
    "lastUpdate": "02/20/2018",
    "priority": 3,
    "status": 3
  },
  {
    "id": 34586,
    "subject": "elit cillum sit ea ut laborum non commodo",
    "createdAt": "10/13/2016",
    "lastUpdate": "02/14/2018",
    "priority": 1,
    "status": 1
  },
  {
    "id": 34587,
    "subject": "deserunt et sint amet ex nisi adipisicing irure",
    "createdAt": "11/11/2016",
    "lastUpdate": "02/08/2018",
    "priority": 3,
    "status": 4
  },
  {
    "id": 34588,
    "subject": "sunt culpa ad veniam mollit et sunt occaecat",
    "createdAt": "05/30/2016",
    "lastUpdate": "02/16/2018",
    "priority": 2,
    "status": 2
  },
  {
    "id": 34589,
    "subject": "ea minim laboris ex voluptate dolore elit irure",
    "createdAt": "07/11/2016",
    "lastUpdate": "02/13/2018",
    "priority": 2,
    "status": 1
  },
  {
    "id": 34590,
    "subject": "et velit eu incididunt deserunt sit sit voluptate",
    "createdAt": "02/27/2016",
    "lastUpdate": "02/08/2018",
    "priority": 3,
    "status": 3
  },
  {
    "id": 34591,
    "subject": "culpa deserunt quis labore duis adipisicing est id",
    "createdAt": "02/02/2016",
    "lastUpdate": "02/13/2018",
    "priority": 1,
    "status": 2
  },
  {
    "id": 34592,
    "subject": "proident consectetur elit minim esse cupidatat incididunt eiusmod",
    "createdAt": "06/01/2017",
    "lastUpdate": "02/06/2018",
    "priority": 2,
    "status": 2
  },
  {
    "id": 34593,
    "subject": "aute laboris magna duis dolore voluptate ipsum sunt",
    "createdAt": "10/29/2016",
    "lastUpdate": "02/18/2018",
    "priority": 3,
    "status": 4
  },
  {
    "id": 34594,
    "subject": "qui excepteur dolor cupidatat id velit do mollit",
    "createdAt": "03/25/2016",
    "lastUpdate": "02/07/2018",
    "priority": 1,
    "status": 4
  },
  {
    "id": 34595,
    "subject": "ea quis qui mollit do sint aliquip magna",
    "createdAt": "07/31/2017",
    "lastUpdate": "02/09/2018",
    "priority": 1,
    "status": 3
  },
  {
    "id": 34596,
    "subject": "nulla nisi ea in et nostrud nulla nisi",
    "createdAt": "12/17/2017",
    "lastUpdate": "02/10/2018",
    "priority": 2,
    "status": 3
  },
  {
    "id": 34597,
    "subject": "tempor eiusmod occaecat nostrud veniam irure reprehenderit deserunt",
    "createdAt": "05/04/2016",
    "lastUpdate": "02/06/2018",
    "priority": 1,
    "status": 3
  },
  {
    "id": 34598,
    "subject": "consequat cillum pariatur quis sit reprehenderit enim nulla",
    "createdAt": "12/28/2017",
    "lastUpdate": "02/11/2018",
    "priority": 3,
    "status": 3
  },
  {
    "id": 34599,
    "subject": "excepteur esse ut aute anim nostrud nostrud proident",
    "createdAt": "12/21/2016",
    "lastUpdate": "02/10/2018",
    "priority": 1,
    "status": 2
  },
  {
    "id": 34600,
    "subject": "occaecat cillum officia sint est commodo reprehenderit quis",
    "createdAt": "08/04/2016",
    "lastUpdate": "02/22/2018",
    "priority": 2,
    "status": 3
  },
  {
    "id": 34601,
    "subject": "qui laboris voluptate qui amet minim irure est",
    "createdAt": "09/30/2017",
    "lastUpdate": "02/19/2018",
    "priority": 2,
    "status": 3
  },
  {
    "id": 34602,
    "subject": "in magna reprehenderit veniam laborum culpa Lorem occaecat",
    "createdAt": "03/20/2017",
    "lastUpdate": "02/01/2018",
    "priority": 3,
    "status": 1
  },
  {
    "id": 34603,
    "subject": "mollit sunt incididunt ut ea occaecat ea dolore",
    "createdAt": "12/27/2016",
    "lastUpdate": "02/21/2018",
    "priority": 1,
    "status": 1
  },
  {
    "id": 34604,
    "subject": "ullamco id adipisicing dolore irure nisi quis aliquip",
    "createdAt": "03/18/2017",
    "lastUpdate": "02/18/2018",
    "priority": 1,
    "status": 3
  },
  {
    "id": 34605,
    "subject": "aute commodo incididunt qui mollit officia sunt enim",
    "createdAt": "11/20/2016",
    "lastUpdate": "02/21/2018",
    "priority": 3,
    "status": 3
  },
  {
    "id": 34606,
    "subject": "mollit pariatur voluptate dolore eiusmod voluptate proident non",
    "createdAt": "04/01/2016",
    "lastUpdate": "02/18/2018",
    "priority": 2,
    "status": 1
  },
  {
    "id": 34607,
    "subject": "id in Lorem qui consectetur nostrud occaecat sint",
    "createdAt": "07/24/2017",
    "lastUpdate": "02/14/2018",
    "priority": 1,
    "status": 2
  },
  {
    "id": 34608,
    "subject": "irure magna labore mollit tempor est anim ex",
    "createdAt": "04/17/2016",
    "lastUpdate": "02/19/2018",
    "priority": 2,
    "status": 4
  },
  {
    "id": 34609,
    "subject": "do exercitation aute deserunt in elit cupidatat ipsum",
    "createdAt": "12/13/2016",
    "lastUpdate": "01/29/2018",
    "priority": 3,
    "status": 3
  },
  {
    "id": 34610,
    "subject": "ad Lorem exercitation irure consectetur est occaecat nisi",
    "createdAt": "09/18/2016",
    "lastUpdate": "02/04/2018",
    "priority": 3,
    "status": 3
  },
  {
    "id": 34611,
    "subject": "tempor laboris excepteur ea elit nulla nulla anim",
    "createdAt": "12/23/2016",
    "lastUpdate": "02/19/2018",
    "priority": 1,
    "status": 3
  },
  {
    "id": 34612,
    "subject": "eu ad mollit anim cillum ullamco quis in",
    "createdAt": "09/10/2016",
    "lastUpdate": "02/24/2018",
    "priority": 1,
    "status": 2
  },
  {
    "id": 34613,
    "subject": "Lorem ipsum id pariatur non labore velit velit",
    "createdAt": "07/05/2017",
    "lastUpdate": "02/02/2018",
    "priority": 1,
    "status": 1
  }
]
