[
  {
    "image": "ps4.jpg",
    "title": "PlayStation 4 1TB (Jet Black)",
    "id": 3455632,
    "inStock": 52,
    "price": 480,
    "sales": 123,
    "views": 3432,
    "status": 1
  },
  {
    "image": "nike-1.jpg",
    "title": "Nike Men Black Liteforce III Sneakers",
    "id": 3455631,
    "inStock": 34,
    "price": 57.55,
    "sales": 222,
    "views": 7231,
    "status": 1
  },
  {
    "image": "headphones.jpg",
    "title": "Wireless headphones",
    "id": 3455630,
    "inStock": 0,
    "price": 235.55,
    "sales": 43,
    "views": 3572,
    "status": 2
  },
  {
    "image": "backpack.jpg",
    "title": "HERO ATHLETES BAG",
    "id": 3455629,
    "inStock": 11,
    "price": 160,
    "sales": 38,
    "views": 3111,
    "status": 3
  },
  {
    "image": "chair-1.jpg",
    "title": "POÄNG",
    "id": 3455628,
    "inStock": 70,
    "price": 159,
    "sales": 34,
    "views": 5489,
    "status": 1
  },
  {
    "image": "iwatch.jpg",
    "title": "Apple iWatch (black)",
    "id": 3455627,
    "inStock": 9,
    "price": 399,
    "sales": 22,
    "views": 4123,
    "status": 1
  },
  {
    "image": "sunglasses.jpg",
    "title": "WALKING 400 BLUE CAT3",
    "id": 3455626,
    "inStock": 20,
    "price": 20.55,
    "sales": 24,
    "views": 12231,
    "status": 1
  },
  {
    "image": "adidas.jpg",
    "title": "Adidas Sneakers Originals",
    "id": 3455625,
    "inStock": 53,
    "price": 57.55,
    "sales": 98,
    "views": 2391,
    "status": 3
  },
  {
    "image": "s7edge-1.jpg",
    "title": "Samsung Galaxy S7 Edge",
    "id": 3455624,
    "inStock": 0,
    "price": 1049,
    "sales": 128,
    "views": 6298,
    "status": 2
  },
  {
    "image": "ps4.jpg",
    "title": "PlayStation 4 1TB (Jet Black)",
    "id": 3455623,
    "inStock": 52,
    "price": 480,
    "sales": 123,
    "views": 3432,
    "status": 1
  },
  {
    "image": "nike-1.jpg",
    "title": "Nike Men Black Liteforce III Sneakers",
    "id": 3455622,
    "inStock": 34,
    "price": 57.55,
    "sales": 222,
    "views": 7231,
    "status": 1
  },
  {
    "image": "headphones.jpg",
    "title": "Wireless headphones",
    "id": 3455621,
    "inStock": 41,
    "price": 235.55,
    "sales": 43,
    "views": 3572,
    "status": 1
  },
  {
    "image": "backpack.jpg",
    "title": "HERO ATHLETES BAG",
    "id": 3455620,
    "inStock": 11,
    "price": 160,
    "sales": 38,
    "views": 3111,
    "status": 3
  },
  {
    "image": "chair-1.jpg",
    "title": "POÄNG",
    "id": 3455619,
    "inStock": 70,
    "price": 159,
    "sales": 34,
    "views": 5489,
    "status": 3
  },
  {
    "image": "iwatch.jpg",
    "title": "Apple iWatch (black)",
    "id": 3455618,
    "inStock": 9,
    "price": 399,
    "sales": 22,
    "views": 4123,
    "status": 1
  },
  {
    "image": "sunglasses.jpg",
    "title": "WALKING 400 BLUE CAT3",
    "id": 3455617,
    "inStock": 20,
    "price": 20.55,
    "sales": 24,
    "views": 12231,
    "status": 1
  },
  {
    "image": "adidas.jpg",
    "title": "Adidas Sneakers Originals",
    "id": 3455616,
    "inStock": 53,
    "price": 57.55,
    "sales": 98,
    "views": 2391,
    "status": 1
  },
  {
    "image": "s7edge-1.jpg",
    "title": "Samsung Galaxy S7 Edge",
    "id": 3455615,
    "inStock": 32,
    "price": 1049,
    "sales": 128,
    "views": 6298,
    "status": 1
  },
  {
    "image": "ps4.jpg",
    "title": "PlayStation 4 1TB (Jet Black)",
    "id": 3455614,
    "inStock": 0,
    "price": 480,
    "sales": 123,
    "views": 3432,
    "status": 2
  },
  {
    "image": "nike-1.jpg",
    "title": "Nike Men Black Liteforce III Sneakers",
    "id": 3455613,
    "inStock": 34,
    "price": 57.55,
    "sales": 222,
    "views": 7231,
    "status": 1
  },
  {
    "image": "headphones.jpg",
    "title": "Wireless headphones",
    "id": 3455612,
    "inStock": 41,
    "price": 235.55,
    "sales": 43,
    "views": 3572,
    "status": 1
  },
  {
    "image": "backpack.jpg",
    "title": "HERO ATHLETES BAG",
    "id": 3455611,
    "inStock": 11,
    "price": 160,
    "sales": 38,
    "views": 3111,
    "status": 1
  },
  {
    "image": "chair-1.jpg",
    "title": "POÄNG",
    "id": 3455610,
    "inStock": 70,
    "price": 159,
    "sales": 34,
    "views": 5489,
    "status": 1
  },
  {
    "image": "iwatch.jpg",
    "title": "Apple iWatch (black)",
    "id": 3455609,
    "inStock": 9,
    "price": 399,
    "sales": 22,
    "views": 4123,
    "status": 1
  },
  {
    "image": "sunglasses.jpg",
    "title": "WALKING 400 BLUE CAT3",
    "id": 3455608,
    "inStock": 20,
    "price": 20.55,
    "sales": 24,
    "views": 12231,
    "status": 3
  },
  {
    "image": "adidas.jpg",
    "title": "Adidas Sneakers Originals",
    "id": 3455607,
    "inStock": 53,
    "price": 57.55,
    "sales": 98,
    "views": 2391,
    "status": 1
  },
  {
    "image": "s7edge-1.jpg",
    "title": "Samsung Galaxy S7 Edge",
    "id": 3455606,
    "inStock": 32,
    "price": 1049,
    "sales": 128,
    "views": 6298,
    "status": 1
  },
  {
    "image": "iwatch.jpg",
    "title": "Apple iWatch (black)",
    "id": 3455605,
    "inStock": 9,
    "price": 399,
    "sales": 22,
    "views": 4123,
    "status": 1
  },
  {
    "image": "sunglasses.jpg",
    "title": "WALKING 400 BLUE CAT3",
    "id": 3455604,
    "inStock": 20,
    "price": 20.55,
    "sales": 24,
    "views": 12231,
    "status": 1
  },
  {
    "image": "adidas.jpg",
    "title": "Adidas Sneakers Originals",
    "id": 3455603,
    "inStock": 0,
    "price": 57.55,
    "sales": 98,
    "views": 2391,
    "status": 2
  },
  {
    "image": "s7edge-1.jpg",
    "title": "Samsung Galaxy S7 Edge",
    "id": 3455602,
    "inStock": 32,
    "price": 1049,
    "sales": 128,
    "views": 6298,
    "status": 1
  },
  {
    "image": "ps4.jpg",
    "title": "PlayStation 4 1TB (Jet Black)",
    "id": 3455601,
    "inStock": 52,
    "price": 480,
    "sales": 123,
    "views": 3432,
    "status": 1
  },
  {
    "image": "nike-1.jpg",
    "title": "Nike Men Black Liteforce III Sneakers",
    "id": 3455600,
    "inStock": 34,
    "price": 57.55,
    "sales": 222,
    "views": 7231,
    "status": 1
  },
  {
    "image": "headphones.jpg",
    "title": "Wireless headphones",
    "id": 3455599,
    "inStock": 0,
    "price": 235.55,
    "sales": 43,
    "views": 3572,
    "status": 2
  },
  {
    "image": "backpack.jpg",
    "title": "HERO ATHLETES BAG",
    "id": 3455598,
    "inStock": 11,
    "price": 160,
    "sales": 38,
    "views": 3111,
    "status": 1
  },
  {
    "image": "chair-1.jpg",
    "title": "POÄNG",
    "id": 3455597,
    "inStock": 70,
    "price": 159,
    "sales": 34,
    "views": 5489,
    "status": 1
  },
  {
    "image": "iwatch.jpg",
    "title": "Apple iWatch (black)",
    "id": 3455596,
    "inStock": 9,
    "price": 399,
    "sales": 22,
    "views": 4123,
    "status": 1
  }
]
