[
  {
    "id": 4943,
    "customer": "Marva Fry",
    "amount": "1488.56",
    "date": "02/21/2018",
    "status": 2
  },
  {
    "id": 4944,
    "customer": "Sabrina Coffey",
    "amount": "1570.62",
    "date": "02/04/2018",
    "status": 2
  },
  {
    "id": 4945,
    "customer": "Reed Heath",
    "amount": "1537.02",
    "date": "02/07/2018",
    "status": 2
  },
  {
    "id": 4946,
    "customer": "Krystal Shaffer",
    "amount": "1327.09",
    "date": "02/20/2018",
    "status": 2
  },
  {
    "id": 4947,
    "customer": "Romero Dawson",
    "amount": "454.52",
    "date": "02/06/2018",
    "status": 3
  },
  {
    "id": 4948,
    "customer": "Bell Preston",
    "amount": "921.77",
    "date": "02/08/2018",
    "status": 1
  },
  {
    "id": 4949,
    "customer": "Vickie Warner",
    "amount": "1966.72",
    "date": "02/19/2018",
    "status": 3
  },
  {
    "id": 4950,
    "customer": "Patrica Cervantes",
    "amount": "1302",
    "date": "02/03/2018",
    "status": 3
  },
  {
    "id": 4951,
    "customer": "Reva Hays",
    "amount": "1522.56",
    "date": "02/20/2018",
    "status": 2
  },
  {
    "id": 4952,
    "customer": "Golden Myers",
    "amount": "87.74",
    "date": "02/04/2018",
    "status": 3
  },
  {
    "id": 4953,
    "customer": "Patti Riddle",
    "amount": "886.11",
    "date": "02/04/2018",
    "status": 2
  },
  {
    "id": 4954,
    "customer": "David Richmond",
    "amount": "889.47",
    "date": "02/07/2018",
    "status": 2
  },
  {
    "id": 4955,
    "customer": "Ferrell Burton",
    "amount": "91.76",
    "date": "02/05/2018",
    "status": 1
  },
  {
    "id": 4956,
    "customer": "Simmons Ashley",
    "amount": "216.47",
    "date": "02/04/2018",
    "status": 1
  },
  {
    "id": 4957,
    "customer": "Rebekah Bishop",
    "amount": "310.63",
    "date": "02/04/2018",
    "status": 1
  },
  {
    "id": 4958,
    "customer": "Letha Guthrie",
    "amount": "984.62",
    "date": "02/05/2018",
    "status": 2
  },
  {
    "id": 4959,
    "customer": "Hartman Hancock",
    "amount": "1838.95",
    "date": "02/20/2018",
    "status": 3
  },
  {
    "id": 4960,
    "customer": "Guzman Dodson",
    "amount": "622.44",
    "date": "02/22/2018",
    "status": 2
  },
  {
    "id": 4961,
    "customer": "Blanche Bright",
    "amount": "163.7",
    "date": "02/05/2018",
    "status": 1
  },
  {
    "id": 4962,
    "customer": "Edith Buchanan",
    "amount": "604.18",
    "date": "02/04/2018",
    "status": 1
  },
  {
    "id": 4963,
    "customer": "French Walton",
    "amount": "767.1",
    "date": "02/24/2018",
    "status": 1
  },
  {
    "id": 4964,
    "customer": "Fletcher Kirk",
    "amount": "1130.99",
    "date": "02/05/2018",
    "status": 1
  },
  {
    "id": 4965,
    "customer": "Mccarthy Dillon",
    "amount": "1854.89",
    "date": "02/19/2018",
    "status": 3
  },
  {
    "id": 4966,
    "customer": "Lamb Hunt",
    "amount": "312.02",
    "date": "02/02/2018",
    "status": 2
  },
  {
    "id": 4967,
    "customer": "Hamilton Valentine",
    "amount": "322.21",
    "date": "02/23/2018",
    "status": 4
  },
  {
    "id": 4968,
    "customer": "Fowler Baker",
    "amount": "1634.26",
    "date": "02/20/2018",
    "status": 2
  },
  {
    "id": 4969,
    "customer": "Therese Olsen",
    "amount": "1290.85",
    "date": "02/07/2018",
    "status": 2
  },
  {
    "id": 4970,
    "customer": "Carmela Kirkland",
    "amount": "829.45",
    "date": "02/03/2018",
    "status": 3
  },
  {
    "id": 4971,
    "customer": "Adriana Alford",
    "amount": "1280.66",
    "date": "02/08/2018",
    "status": 2
  },
  {
    "id": 4972,
    "customer": "Marisa Meyer",
    "amount": "1250.89",
    "date": "02/09/2018",
    "status": 2
  },
  {
    "id": 4973,
    "customer": "Middleton Salas",
    "amount": "1702.22",
    "date": "02/21/2018",
    "status": 4
  },
  {
    "id": 4974,
    "customer": "Effie Zimmerman",
    "amount": "1466.22",
    "date": "02/20/2018",
    "status": 1
  },
  {
    "id": 4975,
    "customer": "Morin Lowe",
    "amount": "1503.41",
    "date": "02/05/2018",
    "status": 2
  },
  {
    "id": 4976,
    "customer": "Rodriguez Morgan",
    "amount": "412.1",
    "date": "02/14/2018",
    "status": 3
  },
  {
    "id": 4977,
    "customer": "Hooper Murray",
    "amount": "382.36",
    "date": "02/04/2018",
    "status": 1
  },
  {
    "id": 4978,
    "customer": "Angelia Woodard",
    "amount": "1964.4",
    "date": "02/10/2018",
    "status": 4
  },
  {
    "id": 4979,
    "customer": "Eva Fleming",
    "amount": "957.81",
    "date": "02/18/2018",
    "status": 3
  },
  {
    "id": 4980,
    "customer": "Helena Bryant",
    "amount": "279.66",
    "date": "02/08/2018",
    "status": 2
  },
  {
    "id": 4981,
    "customer": "Ruby Prince",
    "amount": "1828.48",
    "date": "02/22/2018",
    "status": 3
  },
  {
    "id": 4982,
    "customer": "Goff Ayala",
    "amount": "1843.72",
    "date": "02/23/2018",
    "status": 1
  },
  {
    "id": 4983,
    "customer": "Johnston Ramirez",
    "amount": "1395.37",
    "date": "02/04/2018",
    "status": 4
  },
  {
    "id": 4984,
    "customer": "King Huffman",
    "amount": "510.35",
    "date": "02/07/2018",
    "status": 1
  },
  {
    "id": 4985,
    "customer": "Hutchinson Rhodes",
    "amount": "1264.34",
    "date": "02/20/2018",
    "status": 3
  },
  {
    "id": 4986,
    "customer": "Adele Dunn",
    "amount": "260.48",
    "date": "02/08/2018",
    "status": 2
  },
  {
    "id": 4987,
    "customer": "Fuller Brady",
    "amount": "1656.03",
    "date": "02/14/2018",
    "status": 4
  },
  {
    "id": 4988,
    "customer": "Kristen Vincent",
    "amount": "1745.58",
    "date": "02/21/2018",
    "status": 1
  },
  {
    "id": 4989,
    "customer": "Burt Wolf",
    "amount": "1641.1",
    "date": "02/19/2018",
    "status": 2
  },
  {
    "id": 4990,
    "customer": "Bridgette Nielsen",
    "amount": "787.58",
    "date": "02/21/2018",
    "status": 4
  },
  {
    "id": 4991,
    "customer": "Morgan Gonzales",
    "amount": "1800.88",
    "date": "02/10/2018",
    "status": 1
  },
  {
    "id": 4992,
    "customer": "Lindsey Johnston",
    "amount": "596.87",
    "date": "02/17/2018",
    "status": 4
  }
]
