[
  {
    "id": 563,
    "title": "Velit ut aute exercitation tempor minim in cupidatat ad Lorem",
    "likes": 143,
    "comments": 283,
    "createdAt": "03/30/2018",
    "status": 3
  },
  {
    "id": 564,
    "title": "Pariatur nisi eiusmod sunt officia est laboris enim ex elit",
    "likes": 255,
    "comments": 223,
    "createdAt": "06/01/2018",
    "status": 2
  },
  {
    "id": 565,
    "title": "Consectetur dolor aliquip aliqua amet ipsum exercitation elit commodo id",
    "likes": 184,
    "comments": 161,
    "createdAt": "07/15/2018",
    "status": 3
  },
  {
    "id": 566,
    "title": "Qui exercitation pariatur nulla quis laboris ipsum est laborum aliquip",
    "likes": 204,
    "comments": 250,
    "createdAt": "02/27/2018",
    "status": 2
  },
  {
    "id": 567,
    "title": "Ullamco enim nostrud adipisicing Lorem et non amet veniam occaecat",
    "likes": 137,
    "comments": 236,
    "createdAt": "07/02/2018",
    "status": 3
  },
  {
    "id": 568,
    "title": "Tempor officia reprehenderit ut labore est mollit consequat ad cillum",
    "likes": 97,
    "comments": 18,
    "createdAt": "03/15/2018",
    "status": 1
  },
  {
    "id": 569,
    "title": "Cupidatat in enim ex elit enim anim consectetur qui minim",
    "likes": 30,
    "comments": 248,
    "createdAt": "07/24/2018",
    "status": 1
  },
  {
    "id": 570,
    "title": "Mollit in Lorem elit proident anim voluptate eiusmod elit dolore",
    "likes": 218,
    "comments": 250,
    "createdAt": "06/25/2018",
    "status": 3
  },
  {
    "id": 571,
    "title": "Occaecat dolor deserunt aliquip officia officia sint sunt anim pariatur",
    "likes": 121,
    "comments": 84,
    "createdAt": "05/05/2018",
    "status": 1
  },
  {
    "id": 572,
    "title": "Adipisicing ad culpa excepteur officia ipsum anim sunt dolor enim",
    "likes": 242,
    "comments": 60,
    "createdAt": "03/26/2018",
    "status": 2
  },
  {
    "id": 573,
    "title": "Esse dolore commodo pariatur aliqua eu nisi mollit et duis",
    "likes": 153,
    "comments": 29,
    "createdAt": "07/15/2018",
    "status": 3
  },
  {
    "id": 574,
    "title": "Qui ipsum culpa aute consequat occaecat culpa cupidatat excepteur proident",
    "likes": 91,
    "comments": 294,
    "createdAt": "03/29/2018",
    "status": 3
  },
  {
    "id": 575,
    "title": "Veniam aliquip est occaecat aliquip eiusmod consectetur tempor cupidatat sint",
    "likes": 40,
    "comments": 74,
    "createdAt": "03/18/2018",
    "status": 1
  },
  {
    "id": 576,
    "title": "Occaecat irure eu ad laborum eu id mollit ea veniam",
    "likes": 145,
    "comments": 154,
    "createdAt": "03/28/2018",
    "status": 1
  },
  {
    "id": 577,
    "title": "Deserunt do incididunt qui nisi irure sunt labore esse cillum",
    "likes": 40,
    "comments": 199,
    "createdAt": "02/26/2018",
    "status": 1
  },
  {
    "id": 578,
    "title": "Do aliqua aliqua anim aliquip amet pariatur anim non sint",
    "likes": 158,
    "comments": 41,
    "createdAt": "06/15/2018",
    "status": 3
  },
  {
    "id": 579,
    "title": "Esse ad aliquip ea velit qui tempor magna sit id",
    "likes": 285,
    "comments": 35,
    "createdAt": "07/25/2018",
    "status": 2
  },
  {
    "id": 580,
    "title": "Voluptate dolor nulla duis eu ullamco fugiat eu non proident",
    "likes": 242,
    "comments": 57,
    "createdAt": "03/15/2018",
    "status": 2
  },
  {
    "id": 581,
    "title": "Fugiat nostrud tempor ullamco voluptate minim culpa irure voluptate quis",
    "likes": 44,
    "comments": 291,
    "createdAt": "04/12/2018",
    "status": 2
  },
  {
    "id": 582,
    "title": "Eiusmod reprehenderit duis mollit dolor esse magna tempor Lorem cillum",
    "likes": 259,
    "comments": 279,
    "createdAt": "03/29/2018",
    "status": 1
  },
  {
    "id": 583,
    "title": "Ipsum consequat irure sit velit enim irure esse laboris elit",
    "likes": 48,
    "comments": 80,
    "createdAt": "02/27/2018",
    "status": 3
  },
  {
    "id": 584,
    "title": "Tempor eiusmod velit pariatur ex aliquip sit sit sit qui",
    "likes": 205,
    "comments": 100,
    "createdAt": "06/24/2018",
    "status": 3
  },
  {
    "id": 585,
    "title": "Anim sint aliquip commodo non ad nulla ut commodo nisi",
    "likes": 26,
    "comments": 111,
    "createdAt": "06/14/2018",
    "status": 3
  },
  {
    "id": 586,
    "title": "Esse qui esse cillum irure consectetur adipisicing cupidatat proident magna",
    "likes": 93,
    "comments": 104,
    "createdAt": "03/20/2018",
    "status": 1
  },
  {
    "id": 587,
    "title": "Nulla ut velit qui et ad in magna ipsum anim",
    "likes": 90,
    "comments": 241,
    "createdAt": "06/15/2018",
    "status": 3
  },
  {
    "id": 588,
    "title": "Eiusmod amet amet excepteur dolor cillum velit ea eu ex",
    "likes": 148,
    "comments": 67,
    "createdAt": "07/15/2018",
    "status": 1
  },
  {
    "id": 589,
    "title": "Aliqua dolore mollit deserunt magna non laboris occaecat cupidatat do",
    "likes": 131,
    "comments": 96,
    "createdAt": "03/28/2018",
    "status": 1
  },
  {
    "id": 590,
    "title": "Magna et proident nisi incididunt ipsum sunt dolore culpa occaecat",
    "likes": 223,
    "comments": 155,
    "createdAt": "06/12/2018",
    "status": 1
  },
  {
    "id": 591,
    "title": "Lorem minim sit amet ipsum velit ex non ut voluptate",
    "likes": 112,
    "comments": 248,
    "createdAt": "06/23/2018",
    "status": 1
  },
  {
    "id": 592,
    "title": "Id irure adipisicing ut est eu nostrud nisi adipisicing incididunt",
    "likes": 218,
    "comments": 195,
    "createdAt": "05/07/2018",
    "status": 3
  },
  {
    "id": 593,
    "title": "Nostrud velit dolore amet ullamco non veniam officia ipsum nostrud",
    "likes": 116,
    "comments": 40,
    "createdAt": "03/15/2018",
    "status": 2
  },
  {
    "id": 594,
    "title": "Consectetur amet velit non velit ipsum anim proident dolor quis",
    "likes": 225,
    "comments": 252,
    "createdAt": "04/06/2018",
    "status": 3
  },
  {
    "id": 595,
    "title": "Labore Lorem sit ullamco reprehenderit ipsum minim nostrud amet ea",
    "likes": 49,
    "comments": 253,
    "createdAt": "06/10/2018",
    "status": 2
  },
  {
    "id": 596,
    "title": "Culpa cillum culpa laborum pariatur est mollit id deserunt dolore",
    "likes": 80,
    "comments": 280,
    "createdAt": "04/05/2018",
    "status": 2
  },
  {
    "id": 597,
    "title": "Pariatur mollit minim mollit velit aliqua exercitation aliqua sit consequat",
    "likes": 55,
    "comments": 70,
    "createdAt": "06/21/2018",
    "status": 1
  },
  {
    "id": 598,
    "title": "Aliquip proident duis ut duis elit velit cupidatat ipsum ullamco",
    "likes": 174,
    "comments": 25,
    "createdAt": "04/19/2018",
    "status": 1
  },
  {
    "id": 599,
    "title": "Duis occaecat consectetur cillum labore elit nisi in pariatur culpa",
    "likes": 112,
    "comments": 132,
    "createdAt": "06/06/2018",
    "status": 2
  },
  {
    "id": 600,
    "title": "Pariatur reprehenderit exercitation id anim mollit fugiat elit ex irure",
    "likes": 71,
    "comments": 180,
    "createdAt": "07/28/2018",
    "status": 2
  },
  {
    "id": 601,
    "title": "Culpa officia exercitation tempor laboris laborum cillum occaecat id ipsum",
    "likes": 76,
    "comments": 141,
    "createdAt": "05/06/2018",
    "status": 1
  },
  {
    "id": 602,
    "title": "Commodo magna dolor exercitation irure in anim aliqua dolore aliquip",
    "likes": 244,
    "comments": 149,
    "createdAt": "06/20/2018",
    "status": 3
  },
  {
    "id": 603,
    "title": "Dolor ad et minim amet exercitation minim exercitation tempor exercitation",
    "likes": 169,
    "comments": 281,
    "createdAt": "05/22/2018",
    "status": 1
  },
  {
    "id": 604,
    "title": "Id in enim ipsum adipisicing tempor culpa elit in aute",
    "likes": 209,
    "comments": 10,
    "createdAt": "06/22/2018",
    "status": 2
  },
  {
    "id": 605,
    "title": "Ullamco ut quis aute anim tempor esse et minim non",
    "likes": 293,
    "comments": 117,
    "createdAt": "05/16/2018",
    "status": 2
  },
  {
    "id": 606,
    "title": "Labore duis ipsum deserunt exercitation minim esse ad ex sit",
    "likes": 17,
    "comments": 76,
    "createdAt": "05/16/2018",
    "status": 3
  },
  {
    "id": 607,
    "title": "Laborum amet consequat minim proident aute deserunt id consectetur adipisicing",
    "likes": 42,
    "comments": 300,
    "createdAt": "06/29/2018",
    "status": 2
  },
  {
    "id": 608,
    "title": "Eiusmod sunt consectetur culpa proident dolore labore dolor consectetur magna",
    "likes": 226,
    "comments": 109,
    "createdAt": "07/13/2018",
    "status": 1
  },
  {
    "id": 609,
    "title": "Aliquip ea enim id in aliqua minim non do deserunt",
    "likes": 290,
    "comments": 43,
    "createdAt": "03/17/2018",
    "status": 3
  },
  {
    "id": 610,
    "title": "Enim voluptate laborum proident irure esse nisi et veniam irure",
    "likes": 255,
    "comments": 202,
    "createdAt": "07/22/2018",
    "status": 2
  },
  {
    "id": 611,
    "title": "Commodo cillum deserunt magna velit elit magna aute est esse",
    "likes": 112,
    "comments": 283,
    "createdAt": "04/06/2018",
    "status": 2
  },
  {
    "id": 612,
    "title": "Velit laborum fugiat sint consectetur nulla anim fugiat ad deserunt",
    "likes": 212,
    "comments": 118,
    "createdAt": "06/08/2018",
    "status": 3
  }
]
